Tree Name,Previous Name (HTHC),Date,Extra Sheet collection complete,Street Segment,Tree Number,Genus,Species,Species ID Code,Tree tag present,Tree tag year,Tree tag number,ID Notes,Double-Check ID,Multi-stemmed,DBH (in),Height measured (DBH),DBH 2 (in),DBH 3 (in),DBH 4 (in),DBH 5 (in),Land Use Type,Site type,Ground Cover,Street,Sidewalk,Powerline,Mulch,Mulch volcano,Pruned,Mowing,Protection at base,Stake,Cement fence at base,Compaction Not Possible,Compaction Collection Date,Compaction 1,Compaction 2,Compaction 3,Compaction 4,Compaction 5,Compaction 6,Removed
49-MOAL-002,46-01-MOAL-003,6/7/2022,TRUE,49,002,Morus,alba,MOAL,FALSE,,,,FALSE,FALSE,26.8,,,,,,SFR-D,SC,Impervious surface,TRUE,TRUE,TRUE,FALSE,FALSE,TRUE,TRUE,FALSE,FALSE,FALSE,FALSE,6/7/2022,4.5+,4.5+,4.5+,4.5+,4.5+,4.5+,FALSE
49-PRCE-003,46-01-PRCE-004,6/7/2022,TRUE,49,003,Prunus,cerasifera,PRCE,FALSE,,,,FALSE,FALSE,9.4,,,,,,SFR-D,SP,Mixed - Penetrable & Impervious,TRUE,TRUE,TRUE,FALSE,FALSE,TRUE,TRUE,FALSE,FALSE,FALSE,FALSE,6/7/2022,4.5+,3.3,4.5+,4.5,4.5,4.5+,FALSE
49-ULUN-004,46-01-ULUNK-005,6/7/2022,TRUE,49,004,Ulmus,unknown,ULUN,FALSE,,,looks like Siberian elm,TRUE,FALSE,8.6,,,,,,SFR-D,SP,Mixed - Penetrable & Impervious,TRUE,TRUE,TRUE,FALSE,FALSE,TRUE,TRUE,FALSE,FALSE,FALSE,FALSE,6/7/2022,4.5,4,3,4.3,4.5+,2.3,FALSE
49-ACPL-005,46-01-ACPL-006,6/7/2022,TRUE,49,005,Acer,platanoides,ACPL,FALSE,,,,FALSE,FALSE,3.9,,,,,,SFR-D,SP,Mixed - Penetrable & Impervious,TRUE,TRUE,TRUE,FALSE,FALSE,TRUE,TRUE,FALSE,FALSE,FALSE,FALSE,6/7/2022,4.3,4.5+,4.5+,4.5+,4.4,4.5+,FALSE
49-PYCA-006,46-01-PYCA-007,6/7/2022,TRUE,49,006,Pyrus,calleryana,PYCA,FALSE,,,,FALSE,FALSE,7.8,"3' 1.5""",,,,,SFR-D,SP,Mixed - Penetrable & Impervious,TRUE,TRUE,TRUE,FALSE,FALSE,TRUE,TRUE,FALSE,FALSE,FALSE,FALSE,6/7/2022,4.5+,4.5+,4.5+.,4.5,4.5+,4.5+,FALSE
49-ACPL-007,46-01-ACPL-008,6/7/2022,TRUE,49,007,Acer,platanoides,ACPL,FALSE,,,,FALSE,FALSE,11.3,,,,,,SFR-D,SP,Mixed - Penetrable & Impervious,TRUE,TRUE,TRUE,FALSE,FALSE,TRUE,TRUE,FALSE,FALSE,TRUE,FALSE,6/7/2022,4.5+,4.5,4.5+,4.5+,4.5+,4.5+,FALSE
49-ACPL-008,46-01-ACPL-009,6/7/2022,TRUE,49,008,Acer,platanoides,ACPL,FALSE,,,,FALSE,FALSE,14.3,"3' 11.5""",,,,,SFR-D,SP,Mixed - Penetrable & Impervious,TRUE,TRUE,TRUE,FALSE,FALSE,TRUE,TRUE,FALSE,FALSE,FALSE,FALSE,6/7/2022,4.5+,4,3.3,4.5+,4.5+,4.5+,FALSE
49-PRCE-009,46-01-PRCE-010,6/7/2022,TRUE,49,009,Prunus,cerasifera,PRCE,FALSE,,,,FALSE,FALSE,8,,,,,,SFR-D,SP,Mixed - Penetrable & Impervious,TRUE,TRUE,TRUE,FALSE,FALSE,TRUE,TRUE,FALSE,FALSE,FALSE,FALSE,6/7/2022,4.5+,4.5+,4.5,4.5+,4.5+,4.5+,FALSE
49-PRCE-010,46-01-PRCE-011,6/7/2022,TRUE,49,010,Prunus,cerasifera,PRCE,FALSE,,,,FALSE,FALSE,2.8,,,,,,SFR-D,SP,Mixed - Penetrable & Impervious,TRUE,TRUE,TRUE,FALSE,FALSE,TRUE,TRUE,TRUE,FALSE,FALSE,FALSE,6/7/2022,4.1,4.5+,4.5+,4.5+,4.5+,4.5+,FALSE
49-FRUN-011,46-01-FRUNK-012,6/7/2022,TRUE,49,011,Fraxinus,unknown,FRUN,TRUE,,,Likely green ash,FALSE,FALSE,19.7,,,,,,SFR-D,SP,Mixed - Penetrable & Impervious,TRUE,TRUE,TRUE,FALSE,FALSE,TRUE,TRUE,FALSE,FALSE,TRUE,FALSE,6/7/2022,4.3,3.5,3.2,4.1,2.6,4.4,FALSE
49-ACXF-012,46-01-ACXFR-013,6/7/2022,TRUE,49,012,Acer,x freemanii,ACXF,FALSE,,,,FALSE,FALSE,10.2,,,,,,SFR-D,SP,Mixed - Penetrable & Impervious,TRUE,TRUE,TRUE,FALSE,FALSE,TRUE,TRUE,FALSE,FALSE,FALSE,FALSE,6/7/2022,4.5+,4.5,4.5+,4.5+,4.5+,4.5+,FALSE
49-ACRU-013,46-01-ACRU-014,6/7/2022,TRUE,49,013,Acer,rubrum,ACRU,FALSE,,,,FALSE,FALSE,5.1,,,,,,SFR-D,SP,Mixed - Penetrable & Impervious,TRUE,TRUE,TRUE,FALSE,FALSE,TRUE,TRUE,TRUE,FALSE,FALSE,FALSE,6/7/2022,4.5+,4.5+,3.5,4.5+,4.5+,4.5+,FALSE
49-TICO-014,46-01-TICO-015,6/7/2025,TRUE,49,014,Tilia,cordata,TICO,FALSE,,,,FALSE,FALSE,8.8,,,,,,INST,SP,Penetrable soils - grass,TRUE,TRUE,FALSE,TRUE,FALSE,TRUE,TRUE,FALSE,FALSE,FALSE,FALSE,6/7/2022,3.75,3.5,1.25,0.75,1.25,4.5,FALSE
49-PRCE-015,46-01-PRCE-016,6/7/2022,TRUE,49,015,Prunus,cerasifera,PRCE,FALSE,,,,FALSE,FALSE,6.7,"2' 4""",,,,,SFR-D,SP,Mixed - Penetrable & Impervious,TRUE,TRUE,FALSE,FALSE,FALSE,TRUE,TRUE,FALSE,FALSE,FALSE,FALSE,6/7/2022,1.5,3.75,4.5+,4.5+,3.75,4.5,FALSE
49-CEOC-016,46-01-CEOC-017,6/7/2022,TRUE,49,016,Celtis,occidentalis,CEOC,FALSE,,,,FALSE,FALSE,12.7,"3'3""",,,,,SFR-D,SP,Mixed - Penetrable & Impervious,TRUE,TRUE,FALSE,FALSE,FALSE,TRUE,TRUE,FALSE,FALSE,FALSE,FALSE,6/7/2022,3.5,4.5+,4.5+,2.75,4.5+,4.5+,FALSE
49-ALGL-017,46-01-ALGL-018,6/7/2022,TRUE,49,017,Alnus,glutinosa,ALGL,FALSE,,,,FALSE,FALSE,14.9,"5'11""",,,,,SFR-D,SP,Mixed - Penetrable & Impervious,TRUE,TRUE,FALSE,FALSE,FALSE,TRUE,TRUE,FALSE,FALSE,TRUE,FALSE,6/7/2022,4.5+,4.5+,4.5,2.75,3,4.5+,FALSE
49-CEOC-018,46-01-CEOC-019,6/7/2022,TRUE,49,018,Celtis,occidentalis,CEOC,FALSE,,,,FALSE,FALSE,9.5,,,,,,SFR-D,SP,Mixed - Penetrable & Impervious,TRUE,TRUE,FALSE,FALSE,FALSE,TRUE,FALSE,FALSE,FALSE,FALSE,FALSE,6/7/2022,3.75,4.5+,4.5,4.5,4.5+,4.5+,FALSE
49-CEOC-019,46-01-CEOC-020,6/7/2022,TRUE,49,019,Celtis,occidentalis,CEOC,FALSE,,,,FALSE,FALSE,9.1,,,,,,SFR-D,SC,Mixed - Penetrable & Impervious,TRUE,TRUE,FALSE,FALSE,FALSE,TRUE,FALSE,FALSE,FALSE,FALSE,FALSE,6/7/2022,1.5,3.5,3,4.5,4.5,4.5+,FALSE
49-ULPU-020,46-01-ULUNK-021,6/7/2022,TRUE,49,020,Ulmus,pumila,ULPU,FALSE,,,might be Siberian elm ,FALSE,FALSE,8.7,"2'2""",,,,,SFR-D,SP,Mixed - Penetrable & Impervious,TRUE,TRUE,FALSE,FALSE,FALSE,TRUE,FALSE,FALSE,FALSE,FALSE,FALSE,6/7/2022,4.5+,4.5+,4.5+,4.5+,4.5+,4.5,FALSE
49-FRPE-021,46-01-FRPE-022,6/7/2022,TRUE,49,021,Fraxinus,pennsylvanica,FRPE,FALSE,,,"leaflets flush with petiole, shape somewhat round",FALSE,FALSE,33.2,,,,,,SFR-D,SP,Mixed - Penetrable & Impervious,TRUE,TRUE,FALSE,FALSE,FALSE,TRUE,FALSE,FALSE,FALSE,FALSE,FALSE,6/7/2022,4.5,4.5+,4.5+,4.5+,4.5+,4.5+,FALSE
49-AESI-022,46-01-AEUNK-023,6/14/22,TRUE,49,022,Aesculus,silvatica,AESI,FALSE,,,,FALSE,FALSE,5.1,3-9,,,,,SFR-D,SP,Penetrable soils - grass,TRUE,TRUE,FALSE,FALSE,FALSE,FALSE,TRUE,FALSE,FALSE,FALSE,FALSE,6/14/2022,2.5,4.3,1.2,3.3,3,4.5+,FALSE
49-AEFL-023,46-01-AEFL-024,6/14/2022,TRUE,49,023,Aesculus,flava,AEFL,FALSE,,,,FALSE,FALSE,4,4',,,,,SFR-D,SP,Penetrable soils - grass,TRUE,TRUE,FALSE,FALSE,FALSE,FALSE,TRUE,FALSE,FALSE,FALSE,FALSE,6/14/2022,3.2,3.4,4.5+,4,3.4,2.2,FALSE
49-ACRU-024,46-01-ACRU-025,6/14/2022,TRUE,49,024,Acer,rubrum,ACRU,FALSE,,,,FALSE,FALSE,5.1,,,,,,SFR-D,SP,Penetrable soils - grass,TRUE,TRUE,FALSE,FALSE,FALSE,FALSE,TRUE,FALSE,FALSE,FALSE,FALSE,6/14/2022,2.2,3,3.8,4.5+,3.5,1.6,FALSE
49-FRPE-025,46-01-FRPE-026,6/14/2022,TRUE,49,025,Fraxinus,pennsylvanica,FRPE,TRUE,7/8/1905,11/2/1920,,FALSE,FALSE,10.4,,,,,,SFR-D,SP,Mixed - Penetrable & Impervious,TRUE,TRUE,FALSE,FALSE,FALSE,FALSE,TRUE,FALSE,FALSE,FALSE,FALSE,6/14/2022,2.8,3.4,3,3.25,2.25,2,FALSE
49-ACXF-026,46-01-ACXFR-027,6/14/2022,TRUE,49,026,Acer,x freemanii,ACXF,FALSE,,,,FALSE,FALSE,4.6,,,,,,SFR-D,SP,Penetrable soils - grass,TRUE,TRUE,FALSE,FALSE,FALSE,FALSE,TRUE,TRUE,FALSE,FALSE,FALSE,6/14/2022,1.75,1.75,1.25,2.75,1.8,2.75,FALSE
49-FRPE-027,46-01-FRPE-028,6/14/2022,TRUE,49,027,Fraxinus,pennsylvanica,FRPE,TRUE,"2016,2013","7605,33720",,FALSE,FALSE,17.5,,,,,,SFR-D,SP,Mixed - Penetrable & Impervious,TRUE,TRUE,FALSE,FALSE,FALSE,TRUE,TRUE,FALSE,FALSE,FALSE,FALSE,6/14/2022,4.5,4.25,4.5+,3.5,4.25,3.25,FALSE
49-FRPE-028,46-01-FRPE-029,6/14/2022,TRUE,49,028,Fraxinus,pennsylvanica,FRPE,TRUE,"2016,2013","07613,33719",,FALSE,FALSE,22.7,,,,,,SFR-D,SP,Penetrable soils - grass,TRUE,TRUE,FALSE,TRUE,FALSE,TRUE,TRUE,FALSE,FALSE,FALSE,FALSE,6/14/2022,0.75,2.25,3.5,3.25,4.5,4.5,FALSE
49-ACPL-029,46-01-ACPL-030,6/14/2022,TRUE,49,029,Acer,platanoides,ACPL,FALSE,,,,FALSE,FALSE,17.8,,,,,,SFR-D,SP,Mixed - Penetrable & Impervious,TRUE,TRUE,FALSE,TRUE,FALSE,TRUE,TRUE,FALSE,FALSE,FALSE,FALSE,6/14/2022,1.5,1.6,1.1,2.2,2.4,4.5+,FALSE
49-ACPL-030,46-01-ACPL-031,6/14/2022,TRUE,49,030,Acer,platanoides,ACPL,FALSE,,,,FALSE,FALSE,15,,,,,,SFR-D,SP,Mixed - Penetrable & Impervious,TRUE,TRUE,TRUE,TRUE,FALSE,TRUE,TRUE,FALSE,FALSE,FALSE,FALSE,6/14/2022,1.2,3.3,2.2,3,3.5,4.5+,FALSE
49-FRPE-031,46-01-FRPE-032,6/14/2022,TRUE,49,031,Fraxinus,pennsylvanica,FRPE,TRUE,"2016,2013","07603,33718",,FALSE,FALSE,18.3,,,,,,SFR-D,SP,Mixed - Penetrable & Impervious,TRUE,TRUE,TRUE,TRUE,FALSE,TRUE,TRUE,FALSE,FALSE,FALSE,FALSE,6/14/2022,4.2,1.3,4.5,4.5+,4.5+,4.5,FALSE
49-FRPE-032,46-01-FRPE-033,6/14/2022,TRUE,49,032,Fraxinus,pennsylvanica,FRPE,TRUE,"2016,2013","07604,33723",,FALSE,FALSE,19.7,,,,,,COMM,SP,Mixed - Penetrable & Impervious,TRUE,TRUE,TRUE,FALSE,FALSE,TRUE,TRUE,FALSE,FALSE,FALSE,FALSE,6/14/2022,4.5+,4.5+,3.5,4,4.5+,4.5+,FALSE
49-FRPE-033,46-01-FRPE-034,6/14/2022,TRUE,49,033,Fraxinus,pennsylvanica,FRPE,TRUE,7/8/1905,10/30/1920,,FALSE,FALSE,36.5,3 11,,,,,COMM,SP,Mixed - Penetrable & Impervious,TRUE,TRUE,TRUE,FALSE,FALSE,TRUE,TRUE,FALSE,FALSE,FALSE,FALSE,6/14/2022,3.5,3,3.8,4.5,2.25,3.75,FALSE
49-PRCE-034,46-01-PRCE-035,6/14/2022,TRUE,49,034,Prunus,cerasifera,PRCE,FALSE,,,,FALSE,TRUE,9.5,,3.8,,,,SFR-D,SP,Mixed - Penetrable & Impervious,TRUE,TRUE,FALSE,FALSE,FALSE,TRUE,TRUE,FALSE,FALSE,FALSE,FALSE,6/14/2022,3.5,3.25,4,3.1,4,4,FALSE
49-THOC-035,46-01-THOC-036,6/14/2022,TRUE,49,035,Thuja,occidentalis,THOC,FALSE,,,,FALSE,TRUE,2.8,2 7,2.3,,,,SFR-D,SP,Penetrable soils - grass,TRUE,TRUE,FALSE,FALSE,FALSE,FALSE,TRUE,FALSE,FALSE,FALSE,FALSE,6/14/2022,4.25,2.5,1.5,1.75,3,4.5+,FALSE
49-MAUN-036,46-01-MAUNK-037,6/14/2022,TRUE,49,036,Malus,unknown,MAUN,FALSE,,,,FALSE,FALSE,7,,,,,,SFR-D,SP,Mixed - Penetrable & Impervious,TRUE,TRUE,FALSE,FALSE,FALSE,TRUE,TRUE,FALSE,FALSE,FALSE,FALSE,6/14/2022,3.25,3,4.25,3.5,4.5+,4.5+,FALSE
49-TIAM-037,46-01-TIAM-038,6/14/2022,TRUE,49,037,Tilia,americana,TIAM,FALSE,,,,FALSE,FALSE,12.6,,,,,,SFR-D,SP,Mixed - Penetrable & Impervious,TRUE,TRUE,FALSE,FALSE,FALSE,TRUE,TRUE,FALSE,FALSE,FALSE,FALSE,6/14/2022,2.5,1.5,3.75,2.1,2.3,3.9,FALSE
49-PRUN-038,46-01-PRUNK-039,6/14/2022,TRUE,49,038,Prunus,unknown,PRUN,FALSE,,,,FALSE,FALSE,6,,,,,,SFR-D,SP,Mixed - Penetrable & Impervious,TRUE,TRUE,FALSE,FALSE,FALSE,TRUE,TRUE,FALSE,FALSE,FALSE,FALSE,6/14/2022,3.5,3.75,3,3.8,4.5,3.3,FALSE
49-CASP-039,46-01-CASP-040,6/14/2022,TRUE,49,039,Catalpa,speciosa,CASP,FALSE,,,,FALSE,FALSE,9.8,,,,,,SFR-D,SC,Mixed - Penetrable & Impervious,TRUE,TRUE,FALSE,FALSE,FALSE,FALSE,TRUE,FALSE,FALSE,FALSE,FALSE,6/14/2022,2,2.5,3,3.5,4.25,4.5,FALSE
49-TICO-040,46-01-TICO-041,6/27/2022,TRUE,49,040,Tilia,cordata,TICO,FALSE,,,,FALSE,FALSE,13,,,,,,SFR-D,SP,Mixed - Penetrable & Impervious,TRUE,TRUE,TRUE,FALSE,FALSE,TRUE,TRUE,FALSE,FALSE,FALSE,FALSE,6/27/2022,4.5+,4.25,4.5+,4.5+,4.5+,4.5+,FALSE
49-TICO-041,46-01-TICO-042,6/27/2022,TRUE,49,041,Tilia,cordata,TICO,FALSE,,,,FALSE,FALSE,21,,,,,,SFR-D,SP,Mixed - Penetrable & Impervious,TRUE,TRUE,FALSE,FALSE,FALSE,TRUE,TRUE,FALSE,FALSE,FALSE,FALSE,6/27/2022,3.5,4.5+,4.5+,4.5+,4.5,3.25,FALSE
49-CASP-042,46-01-CASP-043,6/27/2022,TRUE,49,042,Catalpa,speciosa,CASP,FALSE,,,,FALSE,FALSE,21,,,,,,SFR-D,SP,Mixed - Penetrable & Impervious,TRUE,TRUE,TRUE,FALSE,FALSE,TRUE,FALSE,FALSE,FALSE,FALSE,FALSE,6/27/2022,4.5+,4.5+,4.5+,4.5+,4.5+,4.5,FALSE
49-FRUN-043,46-01-FRUNK-044,6/27/2022,TRUE,49,043,Fraxinus,unknown,FRUN,TRUE,"2016, 2013","09522, 33794",,TRUE,FALSE,33.8,,,,,,SFR-D,SP,Mixed - Penetrable & Impervious,TRUE,TRUE,FALSE,FALSE,FALSE,TRUE,TRUE,FALSE,FALSE,FALSE,FALSE,6/27/2022,4,4.5+,4.5+,4.5+,4.5+,4,FALSE
49-FRUN-044,46-01-FRUNK-045,6/27/2022,TRUE,49,044,Fraxinus,unknown,FRUN,FALSE,,,,FALSE,FALSE,6.1,,,,,,SFR-D,SP,Mixed - Penetrable & Impervious,TRUE,TRUE,FALSE,FALSE,FALSE,TRUE,TRUE,FALSE,FALSE,FALSE,FALSE,6/27/2022,4.5+,4.5+,4.5+,4.5+,4.5+,4.5+,FALSE
49-CASP-045,46-01-CASP-046,6/27/2022,TRUE,49,045,Catalpa,speciosa,CASP,FALSE,,,,FALSE,FALSE,25.9,,,,,,MFR,SP,Mixed - Penetrable & Impervious,TRUE,TRUE,TRUE,FALSE,FALSE,FALSE,FALSE,FALSE,FALSE,FALSE,FALSE,6/27/2022,4.5+,4.5+,4.5+,4.5+,4.5+,2.75,FALSE
49-PRCE-046,46-01-PRCE-047,6/27/2022,FALSE,49,046,Prunus,cerasifera,PRCE,FALSE,,,,FALSE,FALSE,11.35,,,,,,MFR,SP,Mixed - Penetrable & Impervious,TRUE,TRUE,TRUE,FALSE,FALSE,TRUE,TRUE,FALSE,FALSE,FALSE,FALSE,6/27/2022,2.75,4.25,4.5+,3.75,4.5+,3.5,FALSE
49-GLTR-047,46-01-GLTR-048,6/27/2022,TRUE,49,047,Gleditsia,triacanthos,GLTR,FALSE,,,,FALSE,FALSE,26.7,,,,,,SFR-D,SP,Mixed - Penetrable & Impervious,TRUE,TRUE,TRUE,FALSE,FALSE,TRUE,TRUE,FALSE,FALSE,FALSE,FALSE,6/27/2022,4.25,4.5+,4.5+,4.5+,4.5+,4.5+,FALSE
49-CECA-048,46-01-CECA-049,6/27/2022,TRUE,49,048,Cercis,canadensis,CECA,FALSE,,,,FALSE,FALSE,5.3,"1'9""",,,,,SFR-D,SP,Penetrable soils - grass,TRUE,TRUE,TRUE,TRUE,FALSE,TRUE,TRUE,FALSE,FALSE,TRUE,FALSE,6/27/2022,0.5,0.25,0.25,4.5+,4.5+,4.5+,FALSE
49-CECA-049,46-01-CECA-050,6/27/2022,TRUE,49,049,Cercis,canadensis,CECA,TRUE,,,,FALSE,FALSE,6.1,"2'5""",,,,,SFR-D,SP,Penetrable soils - grass,TRUE,TRUE,TRUE,TRUE,FALSE,FALSE,TRUE,FALSE,FALSE,TRUE,FALSE,6/27/2022,4.5+,4.5+,4.5+,1.3,1.3,0.6,FALSE
49-PRCE-050,46-01-PRCE-051,6/27/2022,TRUE,49,050,Prunus,cerasifera,PRCE,FALSE,,,,FALSE,FALSE,12.6,,,,,,SFR-D,SP,Mixed - Penetrable & Impervious,TRUE,TRUE,TRUE,FALSE,FALSE,FALSE,FALSE,FALSE,FALSE,FALSE,FALSE,6/27/2022,3.1,1.4,4.5+,4.5+,4.3,4.5+,FALSE
49-FRPE-051,46-01-FRUNK-052,6/27/2022,TRUE,49,051,Fraxinus,pennsylvanica,FRPE,TRUE,"2016,2013","07669, 33787",,FALSE,FALSE,24.2,,,,,,SFR-D,SP,Mixed - Penetrable & Impervious,TRUE,TRUE,TRUE,FALSE,FALSE,TRUE,TRUE,FALSE,FALSE,FALSE,FALSE,6/27/2022,4.5+,4.5+,4.5+,4.5+,4.5,2.8,FALSE
49-BEPA-052,46-01-BEPA-053,6/27/2022,TRUE,49,052,Betula,papyrifera,BEPA,FALSE,,,,FALSE,FALSE,5.5,,,,,,SFR-D,SP,Mixed - Penetrable & Impervious,TRUE,TRUE,TRUE,TRUE,FALSE,FALSE,TRUE,FALSE,FALSE,FALSE,FALSE,6/27/2022,4.4,4.5,4.5+,4.5+,4.5+,0.2,FALSE
49-GIBI-053,46-01-GIBI-054,6/27/2022,TRUE,49,053,Ginkgo,biloba,GIBI,TRUE,,1/10/1934,,FALSE,FALSE,1.2,,,,,,SFR-D,SP,Penetrable soils - grass,TRUE,TRUE,FALSE,TRUE,FALSE,TRUE,TRUE,TRUE,FALSE,FALSE,FALSE,6/27/2022,1.25,1.5,0.75,3.75,4.5+,4.5+,FALSE
49-TICO-054,46-01-TICO-055,6/27/2022,TRUE,49,054,Tilia,cordata,TICO,TRUE,,10/30/1932,,FALSE,FALSE,1.35,,,,,,SFR-D,SP,Penetrable soils - grass,TRUE,TRUE,FALSE,TRUE,FALSE,TRUE,TRUE,TRUE,FALSE,FALSE,FALSE,6/27/2022,0.5,1.25,2.5,4.5,2.75,4.5+,FALSE
49-ACPL-055,46-01-ACPL-056,6/27/2022,TRUE,49,055,Acer,platanoides,ACPL,TRUE,,9/14/1935,,FALSE,FALSE,1.7,,,,,,SFR-D,SP,Penetrable soils - grass,TRUE,TRUE,FALSE,TRUE,FALSE,TRUE,TRUE,TRUE,FALSE,FALSE,FALSE,6/27/2022,4.5+,4.5+,3.75,4.5+,4.5+,4.5+,FALSE
49-FRPE-056,46-01-FRUNK-057,6/27/2022,TRUE,49,056,Fraxinus,pennsylvanica,FRPE,TRUE,7/8/1905,12/30/1920,,FALSE,FALSE,16,,,,,,COMM,SP,Mixed - Penetrable & Impervious,TRUE,TRUE,FALSE,FALSE,FALSE,TRUE,TRUE,FALSE,FALSE,FALSE,FALSE,6/27/2022,4.5+,4.5+,4.5+,4.5+,4.5+,4.5,FALSE
49-ULPU-057,46-01-ULUNK-058,6/27/2022,TRUE,49,057,Ulmus,pumila,ULPU,FALSE,,,bark and leaf match,TRUE,FALSE,5.04,,,,,,MFR,SP,Mixed - Penetrable & Impervious,TRUE,TRUE,TRUE,FALSE,FALSE,TRUE,TRUE,FALSE,FALSE,FALSE,FALSE,6/27/2022,4.5+,4.5+,4.5+,4.5,4.5+,4.5,FALSE
49-PYCA-058,46-01-PYCA-059,6/27/2022,TRUE,49,058,Pyrus,calleryana,PYCA,FALSE,,,,FALSE,FALSE,5.1,"4'4""",,,,,MFR,SP,Penetrable soils - grass,TRUE,TRUE,TRUE,FALSE,FALSE,TRUE,TRUE,FALSE,FALSE,FALSE,FALSE,6/27/2022,4.5+,4.5+,4.5+,4.5+,4.5+,4.5+,FALSE
49-PYCA-059,46-01-CECA-060,6/27/2022,TRUE,49,059,Pyrus,calleryana,PYCA,FALSE,,,,FALSE,FALSE,7.1,"3'5""",,,,,MFR,SP,Penetrable soils - grass,TRUE,TRUE,FALSE,FALSE,FALSE,TRUE,TRUE,FALSE,FALSE,FALSE,FALSE,6/27/2022,4.5+,4.5+,4.5+,4.5+,4.5+,4.5+,FALSE
49-ULUN-060,46-01-ULUNK-061,6/27/2022,TRUE,49,060,Ulmus,unknown,ULUN,FALSE,,,,TRUE,FALSE,14.2,,,,,,MFR,SP,Penetrable soils - mixed,TRUE,TRUE,TRUE,FALSE,FALSE,TRUE,TRUE,FALSE,FALSE,FALSE,FALSE,6/27/2022,4.5+,4.5+,4.5+,4.5+,4.5+,4.5+,FALSE
49-FRUN-061,46-01-FRUNK-062,6/27/2022,TRUE,49,061,Fraxinus,unknown,FRUN,TRUE,"2016,2013","7606,33713",,TRUE,FALSE,15.4,,,,,,MFR,SP,Mixed - Penetrable & Impervious,TRUE,TRUE,TRUE,FALSE,FALSE,TRUE,TRUE,FALSE,FALSE,FALSE,FALSE,6/27/2022,3.75,4.5+,4.5+,4.5+,4,3.75,FALSE
49-ACRU-062,46-01-ACRU-063,6/27/2022,TRUE,49,062,Acer,rubrum,ACRU,FALSE,,,,FALSE,FALSE,1.75,,,,,,MFR,SP,Penetrable soils - grass,TRUE,TRUE,FALSE,FALSE,FALSE,TRUE,TRUE,FALSE,FALSE,FALSE,FALSE,6/27/2022,4.5+,3.5,4.5+,4.5+,4.5+,4.25,FALSE
49-ACXF-063,46-01-ACXFR-064,6/27/2022,TRUE,49,063,Acer,x freemanii,ACXF,FALSE,,,,FALSE,FALSE,4.9,,,,,,MFR,SP,Mixed - Penetrable & Impervious,TRUE,TRUE,TRUE,FALSE,FALSE,TRUE,TRUE,FALSE,FALSE,FALSE,FALSE,6/27/2022,4.5+,4.5+,4.5+,4.5,4.5+,4.25,FALSE
49-PRUN-064,46-01-PRUNK-065,6/27/2022,TRUE,49,064,Prunus,unknown,PRUN,FALSE,,,potentially Prunus serrulata,TRUE,FALSE,2.4,,,,,,MFR,SP,Penetrable soils - grass,TRUE,TRUE,FALSE,FALSE,FALSE,TRUE,TRUE,FALSE,FALSE,FALSE,FALSE,6/27/2022,4,4.5,2.75,4.5+,4.5,4.5,FALSE
49-AIAL-065,46-01-AIAL-066,6/27/2022,TRUE,49,065,Ailanthus,altissima,AIAL,FALSE,,,,FALSE,FALSE,24,,,,,,MFR,SP,Mixed - Penetrable & Impervious,TRUE,TRUE,TRUE,FALSE,FALSE,TRUE,TRUE,FALSE,FALSE,FALSE,FALSE,6/27/2022,4.5+,3,4.5,4.5+,2,4.5,FALSE
49-AIAL-066,46-01-AIAL-067,6/27/2022,TRUE,49,066,Ailanthus,altissima,AIAL,FALSE,,,,FALSE,FALSE,8.3,,,,,,MFR,SP,Mixed - Penetrable & Impervious,TRUE,TRUE,TRUE,FALSE,FALSE,TRUE,TRUE,FALSE,FALSE,FALSE,FALSE,6/27/2022,3,2.25,4.5+,4,4.5+,4.5+,FALSE
49-PIUN-067,46-01-PIUNK-068,6/27/2022,TRUE,49,067,Picea,unknown,PIUN,FALSE,,,,TRUE,FALSE,4.2,,,,,,MFR,SP,Mixed - Penetrable & Impervious,TRUE,TRUE,TRUE,FALSE,FALSE,TRUE,TRUE,FALSE,FALSE,FALSE,FALSE,6/27/2022,3,2.25,4.5+,4,4.5+,4.5+,FALSE
49-ULPU-068,46-01-ULAM-069,6/27/2022,TRUE,49,068,Ulmus,pumila,ULPU,FALSE,,,,TRUE,FALSE,33.6,,,,,,MFR,SP,Mixed - Penetrable & Impervious,TRUE,TRUE,TRUE,FALSE,FALSE,TRUE,TRUE,FALSE,FALSE,FALSE,FALSE,6/27/2022,4.5,2.75,3.5,3.25,3.75,4.5+,FALSE
49-ULUN-069,46-01-ULUNK-070,6/27/2022,TRUE,49,069,Ulmus,unknown,ULUN,FALSE,,,looks similar to previous (probs Siberian),TRUE,FALSE,21.2,,,,,,MFR,SP,Mixed - Penetrable & Impervious,TRUE,TRUE,TRUE,FALSE,FALSE,TRUE,TRUE,FALSE,FALSE,FALSE,FALSE,6/27/2022,4.5+,4.5+,4.5+,4.5+,4.5+,4.5+,FALSE
49-ULUN-070,46-01-ULUNK-071,6/27/2022,TRUE,49,070,Ulmus,unknown,ULUN,FALSE,,,looks different from previous 2,TRUE,FALSE,29,"4'2""",,,,,MIX,SP,Mixed - Penetrable & Impervious,TRUE,TRUE,TRUE,FALSE,FALSE,TRUE,TRUE,FALSE,FALSE,FALSE,FALSE,6/27/2022,4.5+,4.5,4.5+,4.5+,4.5+,4.25,FALSE
49-MAUN-071,46-01-MOUNK-072,6/28/2022,TRUE,49,071,Malus,unknown,MAUN,FALSE,,,,TRUE,TRUE,15.6,,14.2,,,,SFR-D,SP,Mixed - Penetrable & Impervious,TRUE,TRUE,FALSE,FALSE,FALSE,TRUE,TRUE,FALSE,FALSE,FALSE,FALSE,6/28/2022,4.5+,4.5+,4.5+,4.5+,4.5+,4.5+,FALSE
49-ULUN-072,46-01-ULUNK-073,6/28/2022,TRUE,49,072,Ulmus,unknown,ULUN,FALSE,,,,TRUE,FALSE,16.7,,,,,,SFR-D,SP,Mixed - Penetrable & Impervious,TRUE,TRUE,FALSE,FALSE,FALSE,TRUE,TRUE,FALSE,FALSE,TRUE,FALSE,6/28/2022,4.5+,4.5+,4.5+,4.5+,4.5+,4.5+,FALSE
49-ULUN-073,46-01-ULUNK-074,6/28/2022,TRUE,49,073,Ulmus,unknown,ULUN,FALSE,,,,TRUE,FALSE,21.9,"5'1.2""",,,,,SFR-D,SP,Mixed - Penetrable & Impervious,TRUE,TRUE,FALSE,FALSE,FALSE,TRUE,TRUE,FALSE,FALSE,FALSE,FALSE,6/28/2022,4.5+,4.5+,4.5+,4.5+,4.5+,4.5+,FALSE
49-ULUN-074,46-01-ULUNK-075,6/28/2022,TRUE,49,074,Ulmus,unknown,ULUN,FALSE,,,,TRUE,FALSE,35.4,"4'8""",,,,,SFR-D,SP,Mixed - Penetrable & Impervious,TRUE,TRUE,FALSE,FALSE,FALSE,TRUE,TRUE,FALSE,FALSE,FALSE,FALSE,6/28/2022,2.4,4.5+,4.5+,4.5,4.5,3.6,FALSE
49-MAUN-075,46-01-MAGUNK-076,6/28/2022,TRUE,49,075,Magnolia,unknown,MAUN,FALSE,,,,TRUE,FALSE,0.6,,0.51,,,,SFR-D,SP,Penetrable soils - grass,TRUE,TRUE,FALSE,FALSE,FALSE,FALSE,TRUE,FALSE,FALSE,FALSE,FALSE,6/28/2022,4.5+,3.75,4.5+,4.5+,4.5+,4.5+,FALSE
49-TIAM-076,46-01-TIAM-077,6/28/2022,TRUE,49,076,Tilia,americana,TIAM,FALSE,,,,FALSE,FALSE,8.6,"5'1""",,,,,SFR-D,SP,Mixed - Penetrable & Impervious,TRUE,TRUE,FALSE,FALSE,FALSE,TRUE,TRUE,FALSE,FALSE,FALSE,FALSE,6/28/2025,3.6,4.5+,4.5+,4.5+,4.5+,4.5,FALSE
49-GLTR-077,46-01-GLTR-078,6/28/2022,TRUE,49,077,Gleditsia,triacanthos,GLTR,FALSE,,,,FALSE,FALSE,9,,,,,,SFR-D,SP,Mixed - Penetrable & Impervious,TRUE,TRUE,FALSE,FALSE,FALSE,TRUE,TRUE,FALSE,FALSE,FALSE,FALSE,6/28/2025,4.5+,4.5+,4.5+,4.5+,4.5+,4.5+,FALSE
49-TIAM-078,46-01-TIAM-079,6/28/2022,TRUE,49,078,Tilia,americana,TIAM,FALSE,,,,FALSE,FALSE,8.1,"4'10.5""",,,,,SFR-D,SP,Mixed - Penetrable & Impervious,TRUE,TRUE,FALSE,FALSE,FALSE,TRUE,TRUE,FALSE,FALSE,FALSE,FALSE,6/28/2025,4.5+,4.5+,4.5+,4.5+,4.5+,4.5+,FALSE
49-GLTR-079,46-01-GLTR-080,6/28/2022,TRUE,49,079,Gleditsia,triacanthos,GLTR,FALSE,,,,FALSE,FALSE,9.6,,,,,,SFR-D,SP,Mixed - Penetrable & Impervious,TRUE,TRUE,FALSE,FALSE,FALSE,TRUE,TRUE,FALSE,FALSE,FALSE,FALSE,6/28/2025,4.5+,4.5+,4.5+,4.5+,4.5+,4.5+,FALSE
49-TIAM-080,46-01-TIAM-081,6/28/2022,TRUE,49,080,Tilia,americana,TIAM,FALSE,,,,FALSE,FALSE,7.5,,,,,,SFR-D,SP,Mixed - Penetrable & Impervious,TRUE,TRUE,FALSE,FALSE,FALSE,TRUE,TRUE,FALSE,FALSE,FALSE,FALSE,6/28/2025,4.5+,4.5,4.5+,4.5,1 5,4.5+,FALSE
49-GLTR-081,46-01-GLTR-082,6/28/2022,TRUE,49,081,Gleditsia,triacanthos,GLTR,FALSE,,,,FALSE,FALSE,9.6,,,,,,SFR-D,SP,Mixed - Penetrable & Impervious,TRUE,TRUE,FALSE,FALSE,FALSE,TRUE,TRUE,FALSE,FALSE,FALSE,FALSE,6/28/2025,2.6,4.5+,4.5+,4.5+,4.5,4.5+,FALSE
49-ULUN-082,46-01-ULUNK-083,6/28/2022,TRUE,49,082,Ulmus,unknown,ULUN,FALSE,,,,TRUE,FALSE,17.4,,,,,,SFR-D,SP,Mixed - Penetrable & Impervious,TRUE,TRUE,FALSE,FALSE,FALSE,TRUE,TRUE,FALSE,FALSE,FALSE,FALSE,6/28/2025,1.5,4.25,0.75,4.5+,4.5+,4.5,FALSE
49-ULUN-083,46-01-ULUNK-084,6/28/2022,TRUE,49,083,Ulmus,unknown,ULUN,FALSE,,,,TRUE,FALSE,16.8,,,,,,SFR-D,SP,Mixed - Penetrable & Impervious,TRUE,TRUE,FALSE,FALSE,FALSE,TRUE,TRUE,FALSE,FALSE,FALSE,FALSE,6/28/2025,4.5+,4.5+,4.5+,4.5+,2.5,3.25,FALSE
49-AEFL-084,46-01-AEFL-085,6/28/2022,TRUE,49,084,Aesculus,flava,AEFL,FALSE,,,,FALSE,FALSE,6.6,"4""3'",,,,,SFR-D,SP,Mixed - Penetrable & Impervious,TRUE,TRUE,TRUE,FALSE,FALSE,TRUE,TRUE,FALSE,FALSE,FALSE,FALSE,6/28/2025,2,0.25,1.5,4.5+,4.5+,2.5,FALSE
49-GYDI-085,46-01-GYDI-086,6/28/2022,TRUE,49,085,Gymnocladus,dioicus,GYDI,TRUE,,4/20/1923,,FALSE,FALSE,4,,,,,,SFR-D,SP,Mixed - Penetrable & Impervious,TRUE,TRUE,TRUE,TRUE,FALSE,FALSE,TRUE,FALSE,FALSE,FALSE,FALSE,6/28/2025,0.25,1.5,0.75,4.5+,4.25,2.25,FALSE
49-PRSE-086,46-01-PRSE-087,6/28/2022,TRUE,49,086,Prunus,serrulata,PRSE,FALSE,,,,FALSE,FALSE,1.7,"1'7""",,,,,SFR-D,SC,Mixed - Penetrable & Impervious,TRUE,TRUE,FALSE,FALSE,FALSE,FALSE,TRUE,FALSE,FALSE,FALSE,FALSE,6/28/2025,0.75,0.75,4.5+,4.5+,4.5+,4.5+,FALSE
49-THOC-087,46-01-THOC-088,6/28/2022,TRUE,49,087,Thuja,occidentalis,THOC,FALSE,,,,FALSE,FALSE,0.6,,,,,,SFR-D,SC,,TRUE,TRUE,FALSE,FALSE,FALSE,TRUE,TRUE,FALSE,FALSE,FALSE,FALSE,6/28/2025,4.5+,4.5+,0.75,4.5+,4.5+,0.75,FALSE
49-ACPL-088,46-01-ACPL-090,6/28/2022,TRUE,49,088,Acer,platanoides,ACPL,FALSE,,,,FALSE,FALSE,14.3,,,,,,SFR-D,SP,Mixed - Penetrable & Impervious,TRUE,TRUE,TRUE,FALSE,FALSE,TRUE,TRUE,FALSE,FALSE,FALSE,FALSE,6/28/2025,4.5+,2.5,4.5+,4.5+,4.5+,3.5,FALSE
49-MASP-089,46-01-MAUNK-091,6/28/2022,TRUE,49,089,Malus,spp.,MASP,FALSE,,,,FALSE,TRUE,3.8,,2.5,2.3,,,SFR-D,SP,Mixed - Penetrable & Impervious,TRUE,TRUE,TRUE,FALSE,FALSE,TRUE,TRUE,FALSE,FALSE,TRUE,FALSE,6/28/2025,1,0.75,2.5,1.25,2.75,1.6,FALSE
57-ACSA-001,,7/19/2022,TRUE,57,001,Acer,saccharinum,ACSA,FALSE,,,,FALSE,FALSE,16.1,,,,,,SFR-D,SP,Mixed - Penetrable & Impervious,TRUE,TRUE,FALSE,FALSE,FALSE,TRUE,TRUE,FALSE,FALSE,FALSE,FALSE,7/19/2022,2.4,4.5,2.8,2.75,2.25,3.25,FALSE
57-ACSA-002,,7/19/2022,TRUE,57,002,Acer,saccharinum,ACSA,FALSE,,,,FALSE,FALSE,18.5,,,,,,SFR-D,SP,Mixed - Penetrable & Impervious,TRUE,TRUE,FALSE,FALSE,FALSE,TRUE,TRUE,FALSE,FALSE,FALSE,FALSE,7/19/2022,1.9,1.9,2.25,0.5,3.1,3.25,FALSE
57-ACPL-003,,7/19/2022,TRUE,57,003,Acer,platanoides,ACPL,FALSE,,,Red variety ,FALSE,FALSE,3,"2'4""",,,,,SFR-D,SP,Mixed - Penetrable & Impervious,TRUE,TRUE,FALSE,TRUE,FALSE,TRUE,FALSE,FALSE,TRUE,FALSE,FALSE,8/17/2022,3,0.25,3.5,4.5,1.25,2.75,FALSE
57-ACSA-005,57-ACUN-005,7/19/2022,TRUE,57,005,Acer,saccharum,ACSA,FALSE,,,Bark makes me think sugar maple but the leaf feels like the loves are too substantial ,TRUE,FALSE,10.6,,,,,,SFR-D,SP,Mixed - Penetrable & Impervious,TRUE,TRUE,FALSE,FALSE,FALSE,TRUE,TRUE,FALSE,FALSE,FALSE,FALSE,7/19/2022,2,1.5,2.1,1.75,2.5,1.6,FALSE
57-FRPE-006,57-FRUN-006,7/19/2022,TRUE,57,006,Fraxinus,pennsylvanica,FRPE,TRUE,7/8/1905,1/26/1970,Looks like green ash,FALSE,FALSE,14,,,,,,SFR-D,SP,Mixed - Penetrable & Impervious,TRUE,TRUE,FALSE,FALSE,FALSE,TRUE,TRUE,FALSE,FALSE,FALSE,FALSE,7/19/2022,1.75,3,2.75,2.6,4.5,3.5,FALSE
57-FRUN-007,,7/19/2022,TRUE,57,007,Fraxinus,unknown,FRUN,TRUE,7/8/1905,1/27/1970,"Same species as previous, has 2013 tag too but hard to read",TRUE,FALSE,13.2,,,,,,SFR-D,SP,Mixed - Penetrable & Impervious,TRUE,TRUE,FALSE,FALSE,FALSE,TRUE,TRUE,FALSE,FALSE,FALSE,FALSE,7/19/2022,1.8,3.6,2.8,2.6,3.6,3.5,FALSE
57-FRUN-008,,7/19/2022,TRUE,57,008,Fraxinus,unknown,FRUN,TRUE,7/8/1905,1/28/1970,Same as previous ,TRUE,FALSE,12.4,,,,,,SFR-D,SP,Mixed - Penetrable & Impervious,TRUE,TRUE,FALSE,FALSE,FALSE,TRUE,TRUE,FALSE,FALSE,TRUE,FALSE,7/19/2022,1.6,1.5,1.6,1.6,1.6,0.9,FALSE
57-FRUN-009,,7/19/2022,TRUE,57,009,Fraxinus,unknown,FRUN,TRUE,7/8/1905,1/29/1970,Same as previous; has 2013 tag too (31996),TRUE,FALSE,11.2,,,,,,SFR-D,SP,Mixed - Penetrable & Impervious,TRUE,TRUE,FALSE,FALSE,FALSE,TRUE,TRUE,FALSE,FALSE,FALSE,FALSE,7/19/2022,2.6,4.5+,3.3,4.5,2.1,1.5,FALSE
57-FRUN-010,,7/19/2022,TRUE,57,010,Fraxinus,unknown,FRUN,TRUE,7/8/1905,1/30/1970,Same as previous,TRUE,FALSE,14.5,,,,,,SFR-D,SP,Mixed - Penetrable & Impervious,TRUE,TRUE,FALSE,FALSE,FALSE,TRUE,TRUE,FALSE,FALSE,FALSE,FALSE,7/19/2022,3.25,3.3,2.75,2.3,1.3,1.75,FALSE
57-FRUN-011,,7/19/2022,TRUE,57,011,Fraxinus,unknown,FRUN,TRUE,7/8/1905,2/1/1970,Same as previous ,TRUE,FALSE,13.5,,,,,,SFR-D,SP,Mixed - Penetrable & Impervious,TRUE,TRUE,FALSE,FALSE,FALSE,TRUE,TRUE,FALSE,FALSE,FALSE,FALSE,7/19/2022,1.5,3.75,2.75,2.25,3.5,1.4,FALSE
57-FRUN-012,,7/19/2022,TRUE,57,012,Fraxinus,unknown,FRUN,TRUE,7/8/1905,12/13/1979,Same as previous ,TRUE,FALSE,15,,,,,,SFR-D,SP,Mixed - Penetrable & Impervious,TRUE,TRUE,FALSE,FALSE,FALSE,TRUE,TRUE,FALSE,FALSE,FALSE,FALSE,7/19/2022,1.75,2.1,2.75,1.6,2,2.4,FALSE
57-FRUN-013,,7/19/2022,TRUE,57,013,Fraxinus,unknown,FRUN,TRUE,7/8/1905,12/15/1979,Same as previous ,TRUE,FALSE,12.7,,,,,,SFR-D,SP,Mixed - Penetrable & Impervious,TRUE,TRUE,FALSE,FALSE,FALSE,TRUE,TRUE,FALSE,FALSE,FALSE,FALSE,7/19/2022,1.1,1.6,2.2,2,2.1,1.2,FALSE
57-FRUN-014,,7/19/2022,TRUE,57,014,Fraxinus,unknown,FRUN,TRUE,7/8/1905,12/16/1979,"Same as previous, has 2013 tag but hard to read",TRUE,FALSE,13.5,,,,,,SFR-D,SP,Mixed - Penetrable & Impervious,TRUE,TRUE,FALSE,FALSE,FALSE,TRUE,TRUE,FALSE,FALSE,FALSE,FALSE,7/19/2022,2.75,0.8,2.5,2.75,2.25,4,FALSE
57-GLTR-015,,7/19/2022,TRUE,57,015,Gleditsia,triacanthos,GLTR,FALSE,,,,FALSE,FALSE,15,,,,,,MFR,SP,Mixed - Penetrable & Impervious,TRUE,TRUE,FALSE,TRUE,FALSE,TRUE,FALSE,FALSE,FALSE,FALSE,FALSE,7/19/2022,1.6,1.7,1.25,1.25,1.25,1.6,FALSE
57-GLTR-016,,7/19/2022,TRUE,57,016,Gleditsia,triacanthos,GLTR,FALSE,,,,FALSE,FALSE,17.6,,,,,,MFR,SP,Mixed - Penetrable & Impervious,TRUE,TRUE,FALSE,TRUE,FALSE,TRUE,FALSE,FALSE,FALSE,FALSE,FALSE,7/19/2022,0.9,1.6,1.25,1,1.75,0.75,FALSE
57-GLTR-017,,7/19/2022,TRUE,57,017,Gleditsia,triacanthos,GLTR,FALSE,,,,FALSE,FALSE,18.5,,,,,,MFR,SP,Mixed - Penetrable & Impervious,TRUE,TRUE,FALSE,TRUE,FALSE,TRUE,FALSE,FALSE,FALSE,FALSE,FALSE,7/19/2022,1.8,2.5,1.25,1.3,2,1.4,FALSE
57-GLTR-018,,7/19/2022,TRUE,57,018,Gleditsia,triacanthos,GLTR,FALSE,,,,FALSE,FALSE,20,,,,,,MFR,SP,Mixed - Penetrable & Impervious,TRUE,TRUE,FALSE,TRUE,FALSE,TRUE,FALSE,FALSE,FALSE,FALSE,FALSE,7/19/2022,1.25,3.6,3,2.4,1.9,1.1,FALSE
57-GYDI-019,,7/19/2022,TRUE,57,019,Gymnocladus,dioicus,GYDI,FALSE,,,,FALSE,FALSE,13.9,,,,,,MFR,SP,Mixed - Penetrable & Impervious,TRUE,TRUE,FALSE,TRUE,FALSE,TRUE,FALSE,FALSE,FALSE,FALSE,FALSE,7/19/2022,2.25,2.6,2,1.25,4.2,2.4,FALSE
57-GYDI-020,,7/19/2022,TRUE,57,020,Gymnocladus,dioicus,GYDI,FALSE,,,,FALSE,FALSE,11.2,,,,,,MFR,SP,Mixed - Penetrable & Impervious,TRUE,TRUE,FALSE,TRUE,FALSE,TRUE,FALSE,FALSE,FALSE,FALSE,FALSE,7/19/2022,4.5,1.25,1.6,2.5,3.5,2,FALSE
57-FRUN-021,,7/19/2022,TRUE,57,021,Fraxinus,unknown,FRUN,TRUE,7/8/1905,1/31/1970,Same as others on segment,TRUE,FALSE,17,,,,,,MFR,SP,Mixed - Penetrable & Impervious,TRUE,TRUE,FALSE,TRUE,FALSE,TRUE,FALSE,FALSE,FALSE,FALSE,FALSE,7/19/2022,1.5,1.75,2.4,1.8,2.1,2.8,FALSE
57-FRUN-022,,7/19/2022,TRUE,57,022,Fraxinus,unknown,FRUN,TRUE,7/8/1905,12/12/1979,Try to avoid steping on grass on this part of segment (north and south),TRUE,FALSE,15.3,,,,,,SFR-D,SC,Mixed - Penetrable & Impervious,TRUE,TRUE,FALSE,FALSE,FALSE,TRUE,TRUE,FALSE,FALSE,TRUE,FALSE,7/19/2022,2.6,1.4,3.1,2.5,2,2.4,FALSE
57-FRUN-023,,7/19/2022,TRUE,57,023,Fraxinus,unknown,FRUN,TRUE,7/8/1905,12/14/1979,Same as others on segment,TRUE,FALSE,13.7,,,,,,SFR-D,SP,Mixed - Penetrable & Impervious,TRUE,TRUE,FALSE,TRUE,FALSE,TRUE,TRUE,FALSE,FALSE,FALSE,FALSE,7/19/2022,2.8,1.8,3.6,2.9,3.25,4.5,FALSE
57-FRUN-024,,7/19/2022,TRUE,57,024,Fraxinus,unknown,FRUN,TRUE,7/8/1905,12/17/1979,Same as others on segment,TRUE,FALSE,14.4,,,,,,SFR-D,SP,Mixed - Penetrable & Impervious,TRUE,TRUE,FALSE,FALSE,FALSE,TRUE,TRUE,FALSE,FALSE,FALSE,FALSE,7/19/2022,2.25,1.8,2.9,2,2.25,2.6,FALSE
57-FRUN-025,,7/19/2022,TRUE,57,025,Fraxinus,unknown,FRUN,TRUE,7/8/1905,12/18/1979,Same as others on segment,TRUE,FALSE,13.4,,,,,,SFR-D,SP,Mixed - Penetrable & Impervious,TRUE,TRUE,FALSE,FALSE,FALSE,TRUE,TRUE,FALSE,FALSE,FALSE,FALSE,7/19/2022,1.1,2.25,1.6,3.25,4.5,3.8,FALSE
57-FRUN-026,,7/19/2022,TRUE,57,026,Fraxinus,unknown,FRUN,TRUE,7/8/1905,12/19/1979,Same as others on segment,TRUE,FALSE,13.1,,,,,,SFR-D,SP,Mixed - Penetrable & Impervious,TRUE,TRUE,FALSE,FALSE,FALSE,TRUE,TRUE,FALSE,FALSE,FALSE,FALSE,7/19/2022,1.75,1.25,1.25,3.3,3.5,1.4,FALSE
57-FRUN-027,,7/19/2022,TRUE,57,027,Fraxinus,unknown,FRUN,TRUE,7/8/1905,12/20/1979,Same as others on segment,TRUE,FALSE,15,,,,,,SFR-D,SP,Mixed - Penetrable & Impervious,TRUE,TRUE,FALSE,FALSE,FALSE,TRUE,TRUE,FALSE,FALSE,FALSE,FALSE,7/19/2022,1.75,1,2.1,1.75,2.75,2,FALSE
57-FRUN-028,,7/19/2022,TRUE,57,028,Fraxinus,unknown,FRUN,TRUE,7/8/1905,12/21/1979,Same as others on segment,TRUE,FALSE,14.1,,,,,,SFR-D,SP,Mixed - Penetrable & Impervious,TRUE,TRUE,FALSE,FALSE,FALSE,TRUE,TRUE,FALSE,FALSE,FALSE,FALSE,7/19/2022,1.75,1.4,2.9,2.1,2.25,1.8,FALSE
57-FRUN-029,,7/19/2022,TRUE,57,029,Fraxinus,unknown,FRUN,TRUE,7/8/1905,12/22/1979,Same as others on segment,TRUE,FALSE,17.6,,,,,,SFR-D,SP,Mixed - Penetrable & Impervious,TRUE,TRUE,FALSE,FALSE,FALSE,TRUE,TRUE,FALSE,FALSE,FALSE,FALSE,7/19/2022,4.5,2.5,1.75,2.25,2.25,3,FALSE
57-GLTR-030,,7/25/2022,TRUE,57,030,Gleditsia,triacanthos,GLTR,FALSE,,,,FALSE,FALSE,21.7,,,,,,MFR,SP,Mixed - Penetrable & Impervious,TRUE,TRUE,FALSE,FALSE,FALSE,TRUE,TRUE,FALSE,FALSE,FALSE,FALSE,7/19/2022,4.5+,2.5,0.6,4.5+,3.25,2.9,FALSE
57-GLTR-031,,7/25/2022,TRUE,57,031,Gleditsia,triacanthos,GLTR,FALSE,,,,FALSE,FALSE,21.5,,,,,,MFR,SP,Mixed - Penetrable & Impervious,TRUE,TRUE,FALSE,FALSE,FALSE,TRUE,TRUE,FALSE,FALSE,FALSE,FALSE,7/25/2022,3.1,1.5,1,1.6,3.2,1.75,FALSE
57-ACPL-032,,7/25/2022,TRUE,57,032,Acer,platanoides,ACPL,FALSE,,,Green leaves,FALSE,FALSE,14.1,,,,,,MFR,SP,Mixed - Penetrable & Impervious,TRUE,TRUE,FALSE,FALSE,FALSE,TRUE,TRUE,FALSE,FALSE,FALSE,FALSE,7/25/2022,1.75,2.8,1.8,3.5,2.7,3.9,FALSE
57-ACPL-033,,7/25/2022,TRUE,57,033,Acer,platanoides,ACPL,FALSE,,,Green leaves,FALSE,FALSE,12.9,,,,,,MFR,SP,Mixed - Penetrable & Impervious,TRUE,TRUE,FALSE,FALSE,FALSE,TRUE,TRUE,FALSE,FALSE,FALSE,FALSE,7/25/2022,3.25,2.75,4.25,1.3,1.3,2.5,FALSE
57-GLTR-034,,7/25/2022,TRUE,57,034,Gleditsia,triacanthos,GLTR,FALSE,,,,FALSE,FALSE,25.5,,,,,,SFR-D,SP,Mixed - Penetrable & Impervious,TRUE,TRUE,FALSE,FALSE,FALSE,TRUE,TRUE,FALSE,FALSE,FALSE,FALSE,7/25/2022,2.75,3.2,1.75,1.9,2.25,3.25,FALSE
57-GLTR-035,,7/25/2022,TRUE,57,035,Gleditsia,triacanthos,GLTR,FALSE,,,,FALSE,FALSE,21.2,,,,,,MFR,SP,Mixed - Penetrable & Impervious,TRUE,TRUE,FALSE,FALSE,FALSE,TRUE,TRUE,FALSE,FALSE,FALSE,FALSE,7/25/2022,4.5,1.5,1.25,4.5,2.75,2.3,FALSE
57-ACPL-036,,7/25/2022,TRUE,57,036,Acer,platanoides,ACPL,FALSE,,,,FALSE,FALSE,17.6,,,,,,MFR,SP,Mixed - Penetrable & Impervious,TRUE,TRUE,FALSE,FALSE,FALSE,TRUE,TRUE,FALSE,FALSE,FALSE,FALSE,7/25/2022,2.75,4.5,1.5,1.9,2,2.1,FALSE
57-ACPL-037,,7/25/2022,TRUE,57,037,Acer,platanoides,ACPL,FALSE,,,,FALSE,FALSE,14.9,,,,,,MFR,SP,Mixed - Penetrable & Impervious,TRUE,TRUE,FALSE,FALSE,FALSE,TRUE,TRUE,FALSE,FALSE,FALSE,FALSE,7/25/2022,2,2.2,2.4,3.1,3.25,3.1,FALSE
57-ACPL-038,,7/25/2022,TRUE,57,038,Acer,platanoides,ACPL,FALSE,,,,FALSE,FALSE,13.6,,,,,,MFR,SP,Mixed - Penetrable & Impervious,TRUE,TRUE,FALSE,FALSE,FALSE,TRUE,TRUE,FALSE,FALSE,FALSE,FALSE,7/25/2022,4,2.25,3.3,2.6,2,2.8,FALSE
57-ACPL-039,,7/25/2022,TRUE,57,039,Acer,platanoides,ACPL,FALSE,,,,FALSE,FALSE,15.2,,,,,,MFR,SP,Mixed - Penetrable & Impervious,TRUE,TRUE,FALSE,FALSE,FALSE,TRUE,TRUE,FALSE,FALSE,FALSE,FALSE,7/25/2022,2.5,2.6,1.5,2.6,2.75,3.1,FALSE
57-FRUN-040,,7/25/2022,TRUE,57,040,Fraxinus,unknown,FRUN,FALSE,,,Looks like a green ash? No tree tag despite being an ash,FALSE,FALSE,15.3,,,,,,V,SP,Mixed - Penetrable & Impervious,TRUE,TRUE,FALSE,FALSE,FALSE,TRUE,TRUE,FALSE,FALSE,FALSE,FALSE,7/25/2022,2.4,2,4.5,2.4,0.9,2.2,FALSE
57-PLHY-041,,7/25/2022,TRUE,57,041,Platanus,hybrida,PLHY,FALSE,,,Leaf lobes more like london planetree,FALSE,FALSE,12.7,,,,,,MFR,SP,Mixed - Penetrable & Impervious,TRUE,TRUE,FALSE,FALSE,FALSE,TRUE,TRUE,FALSE,FALSE,FALSE,FALSE,7/25/2022,4,1.4,4.5,1.25,3.9,4.25,FALSE
57-GLTR-042,,7/25/2022,TRUE,57,042,Gleditsia,triacanthos,GLTR,FALSE,,,,FALSE,FALSE,20.8,,,,,,MFR,SP,Mixed - Penetrable & Impervious,TRUE,TRUE,FALSE,FALSE,FALSE,TRUE,TRUE,FALSE,FALSE,FALSE,FALSE,7/25/2022,4.5+,2,3.1,3.8,2.3,2.25,FALSE
57-ULUN-043,,7/25/2022,TRUE,57,043,Ulmus,unknown,ULUN,FALSE,,,May be a hybrid elm,TRUE,FALSE,9.3,,,,,,MFR,SP,Mixed - Penetrable & Impervious,TRUE,TRUE,FALSE,FALSE,FALSE,TRUE,TRUE,FALSE,FALSE,FALSE,FALSE,7/25/2022,3.75,4.4,3.75,3.5,4.5,3.5,FALSE
57-GLTR-044,,7/25/2022,TRUE,57,044,Gleditsia,triacanthos,GLTR,FALSE,,,,FALSE,FALSE,27.2,,,,,,MFR,SP,Mixed - Penetrable & Impervious,TRUE,TRUE,FALSE,FALSE,FALSE,TRUE,TRUE,FALSE,FALSE,FALSE,FALSE,7/25/2022,2.6,1.5,3.8,2,1.25,1.8,FALSE
57-PLHY-045,,7/25/2022,TRUE,57,045,Platanus,hybrida,PLHY,FALSE,,,,FALSE,FALSE,18.5,,,,,,SFR-D,SP,Mixed - Penetrable & Impervious,TRUE,TRUE,FALSE,FALSE,FALSE,TRUE,TRUE,FALSE,FALSE,FALSE,FALSE,7/25/2022,2.1,1.8,1.5,2.75,3.8,3,FALSE
57-ACPL-046,,7/25/2022,TRUE,57,046,Acer,platanoides,ACPL,FALSE,,,Green leaved,FALSE,FALSE,16.9,,,,,,V,SP,Mixed - Penetrable & Impervious,TRUE,TRUE,FALSE,FALSE,FALSE,TRUE,TRUE,FALSE,FALSE,FALSE,FALSE,7/25/2022,2.2,1.5,2.1,2.5,4.5,4.5+,FALSE
57-FRUN-047,,7/25/2022,TRUE,57,047,Fraxinus,unknown,FRUN,FALSE,,,Same as previous ash on this side of street. No tag,FALSE,FALSE,14.7,,,,,,SFR-D,SP,Mixed - Penetrable & Impervious,TRUE,TRUE,FALSE,FALSE,FALSE,TRUE,TRUE,FALSE,FALSE,FALSE,FALSE,7/25/2022,4.5+,3.25,2.2,1.6,2.1,3.1,FALSE
57-GLTR-048,,7/25/2022,TRUE,57,048,Gleditsia,triacanthos,GLTR,FALSE,,,,FALSE,FALSE,21.6,,,,,,SFR-D,SP,Mixed - Penetrable & Impervious,TRUE,TRUE,FALSE,FALSE,FALSE,TRUE,TRUE,FALSE,FALSE,FALSE,FALSE,7/25/2022,2.75,4.5+,4.5,4.5,4.2,2.8,FALSE
57-GLTR-049,,7/25/2022,TRUE,57,049,Gleditsia,triacanthos,GLTR,FALSE,,,,FALSE,FALSE,15.2,,,,,,SFR-D,SP,Mixed - Penetrable & Impervious,TRUE,TRUE,FALSE,FALSE,FALSE,TRUE,TRUE,FALSE,FALSE,FALSE,FALSE,7/25/2022,1.5,0.75,2,3.2,2.25,3.25,FALSE
57-GLTR-050,,7/25/2022,TRUE,57,050,Gleditsia,triacanthos,GLTR,FALSE,,,,FALSE,FALSE,23.7,,,,,,MFR,SP,Mixed - Penetrable & Impervious,TRUE,TRUE,FALSE,FALSE,FALSE,TRUE,TRUE,FALSE,FALSE,FALSE,FALSE,7/25/2022,2.3,2.9,1.1,1.25,4.2,2.1,FALSE
57-ULAM-051,,7/25/2022,TRUE,57,051,Ulmus,americana,ULAM,FALSE,,,,FALSE,FALSE,34,No good place to measure dbh,,,,,MFR,SP,Mixed - Penetrable & Impervious,TRUE,TRUE,FALSE,FALSE,FALSE,TRUE,TRUE,FALSE,FALSE,FALSE,FALSE,7/25/2022,0.8,1.6,2.25,2.2,2.7,2.5,FALSE
57-ACSA-052,,7/25/2022,TRUE,57,052,Acer,saccharinum,ACSA,FALSE,,,,FALSE,FALSE,28,,,,,,MFR,SP,Mixed - Penetrable & Impervious,TRUE,TRUE,FALSE,FALSE,FALSE,TRUE,TRUE,FALSE,FALSE,FALSE,FALSE,7/25/2022,0.75,1.4,1.75,2.4,1.25,2.25,FALSE
57-ACSA-053,,7/25/2022,TRUE,57,053,Acer,saccharinum,ACSA,FALSE,,,,FALSE,FALSE,24.3,"1'6""",,,,,MFR,SP,Mixed - Penetrable & Impervious,TRUE,TRUE,FALSE,FALSE,FALSE,TRUE,TRUE,FALSE,FALSE,FALSE,FALSE,7/25/2022,3.3,1.6,2.4,3,0.8,2,FALSE
57-GIBI-054,,7/25/2022,TRUE,57,054,Ginkgo,biloba,GIBI,FALSE,,,,FALSE,FALSE,7,,,,,,COMM,SP,Mixed - Penetrable & Impervious,TRUE,TRUE,FALSE,FALSE,FALSE,TRUE,TRUE,FALSE,FALSE,FALSE,FALSE,8/17/2022,4.25,3,4.5+,2.25,2.25,4.5+,FALSE
57-GLTR-055,,7/25/2022,TRUE,57,055,Gleditsia,triacanthos,GLTR,FALSE,,,,FALSE,FALSE,21.5,,,,,,MFR,SP,Mixed - Penetrable & Impervious,TRUE,TRUE,FALSE,FALSE,FALSE,TRUE,TRUE,FALSE,FALSE,FALSE,FALSE,7/25/2022,4.25,3.2,1,2.25,1.4,1.5,FALSE
57-ACSA-056,,7/25/2022,TRUE,57,056,Acer,saccharinum,ACSA,FALSE,,,,FALSE,FALSE,27.7,,,,,,MFR,SP,Mixed - Penetrable & Impervious,TRUE,TRUE,TRUE,FALSE,FALSE,TRUE,FALSE,FALSE,FALSE,FALSE,FALSE,7/25/2022,1.4,1.1,1.9,1.75,2,0.5,FALSE
57-ACSA-057,,7/25/2022,TRUE,57,057,Acer,saccharinum,ACSA,FALSE,,,,FALSE,FALSE,20,,,,,,SFR-D,SP,Mixed - Penetrable & Impervious,TRUE,TRUE,FALSE,FALSE,FALSE,TRUE,TRUE,FALSE,FALSE,FALSE,FALSE,7/25/2022,2.25,1.6,0.8,0.3,2,4.2,FALSE
57-ACSA-058,,7/25/2022,TRUE,57,058,Acer,saccharinum,ACSA,FALSE,,,,FALSE,FALSE,26.2,,,,,,SFR-D,SP,Mixed - Penetrable & Impervious,TRUE,TRUE,FALSE,TRUE,FALSE,TRUE,TRUE,FALSE,FALSE,TRUE,FALSE,8/17/2022,2.5,3.25,4.5+,4.5+,2.5,4.5+,FALSE
57-ACSA-059,,7/25/2022,TRUE,57,059,Acer,saccharinum,ACSA,FALSE,,,,FALSE,FALSE,16,,,,,,SFR-D,SP,Mixed - Penetrable & Impervious,TRUE,TRUE,FALSE,FALSE,FALSE,TRUE,TRUE,FALSE,FALSE,TRUE,FALSE,8/17/2022,4.5+,4.5+,4.25,4.5+,3.75,3.5,FALSE
57-ACSA-060,,7/25/2022,TRUE,57,060,Acer,saccharinum,ACSA,FALSE,,,,FALSE,FALSE,23.2,,,,,,SFR-D,SP,Mixed - Penetrable & Impervious,TRUE,TRUE,FALSE,TRUE,FALSE,TRUE,TRUE,FALSE,FALSE,TRUE,FALSE,8/17/2022,2,2.75,1.25,4.5+,4.5+,4.5+,FALSE
57-ACSA-061,,7/25/2022,TRUE,57,061,Acer,saccharinum,ACSA,FALSE,,,,FALSE,FALSE,24.2,,,,,,SFR-D,SP,Mixed - Penetrable & Impervious,TRUE,TRUE,FALSE,FALSE,FALSE,TRUE,TRUE,FALSE,FALSE,FALSE,FALSE,8/17/2022,1.25,4.5+,3.5,3.25,3.5,3.75,FALSE
57-ACSA-062,,7/25/2022,TRUE,57,062,Acer,saccharinum,ACSA,FALSE,,,,FALSE,FALSE,35.5,,,,,,SFR-D,SP,Mixed - Penetrable & Impervious,TRUE,TRUE,FALSE,FALSE,FALSE,TRUE,TRUE,FALSE,FALSE,TRUE,FALSE,8/17/2022,4,4,4.5+,4.25,3.25,1,FALSE
57-ACSA-063,,7/25/2022,TRUE,57,063,Acer,saccharinum,ACSA,FALSE,,,,FALSE,FALSE,22.8,,,,,,SFR-D,SP,Mixed - Penetrable & Impervious,TRUE,TRUE,FALSE,TRUE,FALSE,TRUE,TRUE,FALSE,FALSE,TRUE,FALSE,8/17/2022,3,2.5,4.5+,3.25,3,2.5,FALSE
57-ACSA-064,,7/25/2022,TRUE,57,064,Acer,saccharinum,ACSA,FALSE,,,,FALSE,FALSE,24.2,,,,,,SFR-D,SP,Mixed - Penetrable & Impervious,TRUE,TRUE,FALSE,FALSE,FALSE,TRUE,TRUE,FALSE,FALSE,TRUE,FALSE,8/17/2022,3,4.5+,3.5,4.5+,3,4.5+,FALSE
324-SYRE-001,,7/6/2022,TRUE,324,001,Syringa,reticulata,SYRE,TRUE,,2/5/1904,Showy white bushels of flowers,FALSE,FALSE,9.8,3-7,,,,,COMM,OM,Penetrable soils - mixed,TRUE,TRUE,FALSE,TRUE,FALSE,TRUE,FALSE,FALSE,FALSE,FALSE,FALSE,7/6/2022,1,0.2,0.5,1,1.25,1,FALSE
324-QUBI-002,,7/6/2022,TRUE,324,002,Quercus,bicolor,QUBI,TRUE,,2/6/1904,,FALSE,FALSE,2.9,,,,,,MIX,SC,Mixed - Penetrable & Impervious,TRUE,TRUE,TRUE,FALSE,FALSE,FALSE,TRUE,FALSE,FALSE,FALSE,FALSE,7/6/2022,2.2,3.2,1.25,2.5,2.25,2.2,FALSE
324-CASP-003,,7/6/2022,TRUE,324,003,Catalpa,speciosa,CASP,TRUE,,2/7/1904,,FALSE,FALSE,3.2,,,,,,MIX,SC,Mixed - Penetrable & Impervious,TRUE,TRUE,TRUE,FALSE,FALSE,FALSE,TRUE,FALSE,FALSE,FALSE,FALSE,7/6/2022,1.75,3.25,1.6,4.25,2.3,2.75,FALSE
324-NYSI-004,,7/6/2022,TRUE,324,004,Nyssa,silvatica,NYSI,TRUE,,2/20/1900,,FALSE,FALSE,1.7,,,,,,MFR,OM,Penetrable soils - mixed,TRUE,TRUE,FALSE,TRUE,FALSE,TRUE,FALSE,TRUE,FALSE,FALSE,FALSE,7/6/2022,0.25,0.1,0.25,0.6,0.25,0.25,FALSE
324-ULSP-005,,7/6/2022,TRUE,324,005,Ulmus,spp.,ULSP,FALSE,,,,FALSE,FALSE,11.2,,,,,,MFR,SC,Mixed - Penetrable & Impervious,TRUE,TRUE,FALSE,FALSE,FALSE,TRUE,FALSE,FALSE,FALSE,FALSE,FALSE,7/6/2022,4.25,2.25,1.25,1.7,1.7,2.75,FALSE
324-GYDI-006,,7/6/2022,TRUE,324,006,Gymnocladus,dioicus,GYDI,TRUE,,10/25/1914,,FALSE,FALSE,3,,,,,,MFR,OM,Mixed - Penetrable & Impervious,TRUE,TRUE,FALSE,TRUE,FALSE,FALSE,FALSE,FALSE,FALSE,FALSE,FALSE,7/6/2022,1.25,1.75,0.75,0.25,0.25,0.75,FALSE
324-GLTR-007,,7/6/2022,TRUE,324,007,Gleditsia,triacanthos,GLTR,FALSE,,,,FALSE,FALSE,35.5,,,,,,SFR-D,SP,Mixed - Penetrable & Impervious,TRUE,TRUE,FALSE,TRUE,FALSE,TRUE,FALSE,FALSE,FALSE,FALSE,FALSE,7/6/2022,3,3,2.75,3.25,2.4,1,FALSE
324-QUBI-008,,7/6/2022,TRUE,324,008,Quercus,bicolor,QUBI,TRUE,,6/27/1914,,FALSE,FALSE,3.1,4-1,,,,,MFR,SP,Penetrable soils - bare,TRUE,TRUE,FALSE,FALSE,FALSE,FALSE,FALSE,FALSE,FALSE,FALSE,FALSE,7/6/2022,3.75,4.5,2.25,1.75,2.75,2,FALSE
324-ACPL-009,,7/6/2022,TRUE,324,009,Acer,platanoides,ACPL,FALSE,,,,FALSE,FALSE,11.2,,,,,,MFR,SP,Mixed - Penetrable & Impervious,TRUE,TRUE,FALSE,TRUE,FALSE,TRUE,FALSE,FALSE,FALSE,FALSE,FALSE,7/6/2022,2.6,2.7,1,1.75,2.25,1.5,FALSE
324-ACXF-010,,7/6/2022,TRUE,324,010,Acer,x freemanii,ACXF,FALSE,,,,FALSE,FALSE,9.3,,,,,,MFR,SP,Mixed - Penetrable & Impervious,TRUE,TRUE,FALSE,TRUE,FALSE,TRUE,FALSE,FALSE,FALSE,FALSE,FALSE,7/6/2022,2.5,1.6,1.4,3.6,2.25,2.6,FALSE
324-PRCE-011,,7/6/2022,TRUE,324,011,Prunus,cerasifera,PRCE,FALSE,,,,FALSE,TRUE,1.8,3-10,1.5,,,,SFR-D,SP,Penetrable soils - mixed,TRUE,TRUE,FALSE,TRUE,FALSE,TRUE,FALSE,FALSE,FALSE,FALSE,FALSE,7/6/2022,1.25,1.25,2.75,1.9,2.4,2.4,FALSE
324-PYCA-012,,7/6/2022,TRUE,324,012,Pyrus,calleryana,PYCA,FALSE,,,,FALSE,FALSE,14,3-2,,,,,SFR-D,SP,Mixed - Penetrable & Impervious,TRUE,TRUE,FALSE,FALSE,FALSE,TRUE,FALSE,FALSE,FALSE,FALSE,FALSE,7/6/2022,1.25,1,0.75,1.25,0.75,1.25,FALSE
324-ACPL-013,,7/6/2022,TRUE,324,013,Acer,platanoides,ACPL,TRUE,,11/13/1938,,FALSE,FALSE,2.3,,,,,,MFR,SP,Mixed - Penetrable & Impervious,TRUE,TRUE,FALSE,TRUE,FALSE,TRUE,FALSE,TRUE,FALSE,FALSE,FALSE,7/6/2022,1.2,2.25,1.4,1.25,1.5,1.5,FALSE
324-AIAL-014,,7/6/2022,TRUE,324,014,Ailanthus,altissima,AIAL,FALSE,,,,FALSE,FALSE,29.5,,,,,,MFR,SP,Mixed - Penetrable & Impervious,TRUE,TRUE,FALSE,TRUE,FALSE,TRUE,FALSE,FALSE,FALSE,FALSE,FALSE,7/6/2022,1.25,1.8,0.75,0.8,0.25,1.75,FALSE
324-CASP-015,,7/6/2022,TRUE,324,015,Catalpa,speciosa,CASP,FALSE,,,,FALSE,FALSE,20.8,,,,,,MFR,SP,Mixed - Penetrable & Impervious,TRUE,TRUE,FALSE,TRUE,FALSE,TRUE,FALSE,FALSE,FALSE,FALSE,FALSE,7/6/2022,1,1.25,1.15,0.6,0.4,0.5,FALSE
324-FRPE-016,,7/6/2022,TRUE,324,016,Fraxinus,pennsylvanica,FRPE,TRUE,"2014, 2018","24896, 01927",,FALSE,FALSE,11.6,,,,,,SFR-D,SC,Impervious surface,TRUE,TRUE,FALSE,TRUE,FALSE,TRUE,FALSE,FALSE,FALSE,FALSE,FALSE,7/6/2022,0.5,0.75,0.3,1.2,1,0.3,FALSE
324-CEOC-017,,7/6/2022,TRUE,324,017,Celtis,occidentalis,CEOC,FALSE,,,,FALSE,FALSE,26.5,,,,,,MFR,SC,Mixed - Penetrable & Impervious,TRUE,TRUE,TRUE,FALSE,FALSE,TRUE,FALSE,FALSE,FALSE,FALSE,FALSE,7/6/2022,1,1.1,3.5,3.7,2.1,1,FALSE
324-AIAL-018,,7/6/2022,TRUE,324,018,Ailanthus,altissima,AIAL,FALSE,,,Bark is weirdly deeply furrowed but flowers are def A. Alitissima,FALSE,FALSE,23.2,,,,,,MFR,SC,Mixed - Penetrable & Impervious,TRUE,TRUE,FALSE,FALSE,FALSE,TRUE,FALSE,FALSE,FALSE,FALSE,FALSE,7/6/2022,1.5,2.4,2.5,1.75,1.75,2,FALSE
324-ACXF-019,,7/12/2022,TRUE,324,019,Acer,x freemanii,ACXF,FALSE,,,,FALSE,FALSE,12.7,,,,,,COMM,SP,Mixed - Penetrable & Impervious,TRUE,TRUE,TRUE,FALSE,FALSE,TRUE,TRUE,FALSE,FALSE,FALSE,FALSE,7/12/2022,4.5+,4.5+,4.5+,4.5+,4.5,4.5+,FALSE
324-ACSA-020,,7/12/2022,TRUE,324,020,Acer,saccharinum,ACSA,FALSE,,,,FALSE,FALSE,24.7,,,,,,SFR-D,SP,Mixed - Penetrable & Impervious,TRUE,TRUE,TRUE,FALSE,FALSE,TRUE,FALSE,FALSE,FALSE,FALSE,FALSE,7/12/2022,4.5+,4.5,2.6,3,4.5+,3.2,FALSE
324-AEUN-021,,7/12/2022,TRUE,324,021,Aesculus,unknown,AEUN,TRUE,7/13/1905,7/29/1900,"Says horsechestnut on it, probs AE glabra or flava",TRUE,FALSE,1.9,"3'8""",,,,,SFR-D,SP,Mixed - Penetrable & Impervious,TRUE,TRUE,FALSE,TRUE,TRUE,TRUE,TRUE,TRUE,FALSE,FALSE,FALSE,7/12/2022,2,1.25,2.75,2.5,2.25,2.25,FALSE
324-FRPE-022,,7/12/2022,TRUE,324,022,Fraxinus,pennsylvanica,FRPE,TRUE,"2014, 2018","24893, 01925",Flat leaf scar,FALSE,FALSE,14.5,,,,,,SFR-D,SP,Mixed - Penetrable & Impervious,TRUE,TRUE,TRUE,TRUE,FALSE,TRUE,FALSE,FALSE,FALSE,FALSE,FALSE,7/12/2022,2.6,3.75,4.5,3.5,3.25,1.75,FALSE
324-AIAL-023,,7/12/2022,TRUE,324,023,Ailanthus,altissima,AIAL,FALSE,,,,FALSE,FALSE,23.6,,,,,,SFR-D,SP,Mixed - Penetrable & Impervious,TRUE,TRUE,TRUE,FALSE,FALSE,TRUE,FALSE,FALSE,FALSE,FALSE,FALSE,7/12/2022,0.4,1.25,0.4,0.5,2,1,FALSE
324-AIAL-024,,7/12/2022,TRUE,324,024,Ailanthus,altissima,AIAL,FALSE,,,,FALSE,FALSE,25.3,,,,,,SFR-D,SP,Mixed - Penetrable & Impervious,TRUE,TRUE,TRUE,FALSE,FALSE,TRUE,FALSE,FALSE,FALSE,FALSE,FALSE,7/12/2022,1,1.5,1.25,1.75,0.75,0.7,FALSE
324-ACPL-025,,7/12/2022,TRUE,324,025,Acer,platanoides,ACPL,FALSE,,,,FALSE,FALSE,20.3,,,,,,SFR-D,SP,Mixed - Penetrable & Impervious,TRUE,TRUE,TRUE,FALSE,FALSE,TRUE,FALSE,FALSE,FALSE,FALSE,FALSE,7/12/2022,2.25,1.75,1.6,0.5,1.6,1.75,FALSE
324-ACPA-026,,7/12/2022,TRUE,324,026,Acer,palmatum,ACPA,FALSE,,,,FALSE,FALSE,1.8,2-11,,,,,SFR-D,PB,Mixed - Penetrable & Impervious,TRUE,TRUE,FALSE,TRUE,FALSE,TRUE,FALSE,FALSE,FALSE,FALSE,FALSE,7/12/2022,1.1,0.6,1.5,0.5,0.25,0.75,FALSE
324-MASP-027,,7/12/2022,TRUE,324,027,Malus,spp.,MASP,FALSE,,,,FALSE,FALSE,4.7,,,,,,SFR-D,PB,Mixed - Penetrable & Impervious,TRUE,TRUE,TRUE,TRUE,FALSE,TRUE,FALSE,FALSE,FALSE,FALSE,FALSE,7/12/2022,0.25,0.4,0.5,0.6,1.25,0.6,FALSE
324-PRCE-,,7/12/2022,TRUE,324,,Prunus,cerasifera,PRCE,FALSE,,,More of a bush so not added to hthc or given a tree number ,FALSE,FALSE,,,,,,,SFR-D,PB,Mixed - Penetrable & Impervious,TRUE,TRUE,FALSE,TRUE,FALSE,TRUE,FALSE,FALSE,FALSE,FALSE,FALSE,7/12/2022,0.1,1,0.4,0.5,0.6,0.25,FALSE
324-SYRE-028,,7/12/2022,TRUE,324,028,Syringa,reticulata,SYRE,FALSE,,,,FALSE,FALSE,2.6,4,,,,,SFR-D,SP,Mixed - Penetrable & Impervious,TRUE,TRUE,TRUE,FALSE,FALSE,TRUE,TRUE,TRUE,FALSE,FALSE,FALSE,7/12/2022,1.75,4.5+,4.2,4.5+,3.75,4.5+,FALSE
324-FRUN-029,,7/12/2022,TRUE,324,029,Fraxinus,unknown,FRUN,TRUE,"2014, 2018","24894, 01926",Leaf scar like green but leaves look very rounded,FALSE,FALSE,16.9,,,,,,SFR-D,SP,Mixed - Penetrable & Impervious,TRUE,TRUE,TRUE,FALSE,FALSE,TRUE,TRUE,FALSE,FALSE,FALSE,FALSE,7/12/2022,3,4.5+,4.5+,1.5,0.75,1.75,FALSE
324-ACSA-030,,7/6/2022,TRUE,324,030,Acer,saccharinum,ACSA,FALSE,,,,FALSE,FALSE,31.1,,,,,,SFR-D,SP,Mixed - Penetrable & Impervious,TRUE,TRUE,TRUE,FALSE,FALSE,TRUE,FALSE,FALSE,FALSE,FALSE,FALSE,7/6/2022,1.2,1.1,0.75,1.15,0.9,0.8,FALSE
324-POTR-031,,7/6/2022,TRUE,324,031,Populus,tremuloides,POTR,TRUE,,11/17/1949,flattened petioles,FALSE,FALSE,2,,,,,,SFR-D,SP,Mixed - Penetrable & Impervious,TRUE,TRUE,TRUE,TRUE,FALSE,TRUE,TRUE,TRUE,FALSE,FALSE,FALSE,7/6/2022,0.75,1,1,1.4,2.75,1.6,FALSE
324-ACSA-033,,7/6/2022,TRUE,324,033,Acer,saccharinum,ACSA,FALSE,,,,FALSE,FALSE,31.1,,,,,,MFR,SP,Mixed - Penetrable & Impervious,TRUE,TRUE,TRUE,FALSE,FALSE,TRUE,TRUE,FALSE,FALSE,FALSE,FALSE,7/6/2022,2,4.3,1.1,2.1,3.7,2.25,FALSE
324-ULAM-034,324-ULSP-034,7/6/2022,TRUE,324,034,Ulmus,americana,ULAM,TRUE,7/12/1905,5/6/1900,Valley forge american elm (on tree tag),FALSE,FALSE,1.8,,,,,,MFR,SP,Mixed - Penetrable & Impervious,TRUE,TRUE,TRUE,TRUE,FALSE,TRUE,TRUE,TRUE,FALSE,FALSE,FALSE,7/6/2022,1.75,2.4,0.7,2.2,2.9,1.5,FALSE
324-ULAM-035,,7/6/2022,TRUE,324,035,Ulmus,americana,ULAM,TRUE,7/12/1905,5/6/1900,Valley forge american elm (on tree tag),FALSE,FALSE,2,,,,,,MFR,SP,Mixed - Penetrable & Impervious,TRUE,TRUE,TRUE,TRUE,FALSE,TRUE,TRUE,TRUE,FALSE,FALSE,FALSE,7/6/2022,1,2.5,3,1.25,1.3,1.1,FALSE
324-AIAL-036,,7/12/2022,TRUE,324,036,Ailanthus,altissima,AIAL,FALSE,,,,FALSE,FALSE,28.2,,,,,,SFR-D,SP,Mixed - Penetrable & Impervious,TRUE,TRUE,TRUE,FALSE,FALSE,TRUE,FALSE,FALSE,FALSE,FALSE,FALSE,7/12/2022,4.25,4.5+,4.5+,4.5,4.5+,4.5+,FALSE
324-ROPS-037,,7/12/2022,TRUE,324,037,Robinia,pseudoacacia,ROPS,FALSE,,,,FALSE,FALSE,27.5,,,,,,SFR-D,SP,Mixed - Penetrable & Impervious,TRUE,TRUE,TRUE,FALSE,FALSE,TRUE,FALSE,FALSE,FALSE,FALSE,FALSE,7/12/2022,4.5+,4.5,4.5+,3,4.5+,4.5+,FALSE
324-ACPA-038,,7/12/2022,TRUE,324,038,Acer,palmatum,ACPA,FALSE,,,,FALSE,FALSE,3.4,3-5,,,,,SFR-D,SP,Mixed - Penetrable & Impervious,TRUE,TRUE,TRUE,FALSE,FALSE,FALSE,FALSE,FALSE,FALSE,FALSE,TRUE,"not possible, stones and fake gras covering space",,,,,,,FALSE
324-TIAM-039,,7/12/2022,TRUE,324,039,Tilia,americana,TIAM,FALSE,,,,FALSE,FALSE,17.5,,,,,,SFR-D,SP,Mixed - Penetrable & Impervious,TRUE,TRUE,TRUE,FALSE,FALSE,TRUE,FALSE,FALSE,FALSE,FALSE,FALSE,7/12/2022,1.25,0.5,2.75,0.25,1.2,0.5,FALSE
324-ACPL-040,,7/12/2022,TRUE,324,040,Acer,platanoides,ACPL,FALSE,,,,FALSE,FALSE,3.2,,,,,,SFR-D,SC,Mixed - Penetrable & Impervious,TRUE,TRUE,FALSE,TRUE,FALSE,TRUE,FALSE,FALSE,FALSE,FALSE,FALSE,7/12/2022,0.25,0.25,0.25,0.5,0.3,0.1,FALSE
324-AIAL-041,,7/12/2022,TRUE,324,041,Ailanthus,altissima,AIAL,FALSE,,,,FALSE,FALSE,20.7,,,,,,SFR-D,SP,Mixed - Penetrable & Impervious,TRUE,TRUE,FALSE,FALSE,FALSE,TRUE,FALSE,FALSE,FALSE,FALSE,FALSE,7/12/2022,4.5+,1,0.9,4.5,4.5+,2.25,FALSE
324-FRPE-042,,7/12/2022,TRUE,324,042,Fraxinus,pennsylvanica,FRPE,TRUE,"2014, 2018","25416, 01904",,FALSE,FALSE,14.3,,,,,,MFR,SP,Mixed - Penetrable & Impervious,TRUE,TRUE,FALSE,FALSE,FALSE,TRUE,FALSE,FALSE,FALSE,FALSE,FALSE,7/12/2022,4.25,4.5+,3,3.75,4.5+,4.5+,FALSE
324-QUMA-043,,7/12/2022,TRUE,324,043,Quercus,macrocarpa,QUMA,FALSE,,,,FALSE,FALSE,12.5,2’8”,,,,,MFR,SP,Mixed - Penetrable & Impervious,TRUE,TRUE,FALSE,FALSE,FALSE,TRUE,FALSE,FALSE,FALSE,FALSE,FALSE,7/12/2022,0.8,2.25,3.2,3.5,2.2,3,FALSE
324-GLTR-044,,7/12/2022,TRUE,324,044,Gleditsia,triacanthos,GLTR,FALSE,,,,FALSE,FALSE,21.5,,,,,,MFR,SP,Mixed - Penetrable & Impervious,TRUE,TRUE,FALSE,FALSE,FALSE,TRUE,FALSE,FALSE,FALSE,FALSE,FALSE,7/12/2022,1.25,3.3,1.2,3.3,2.1,1.8,FALSE
324-GYDI-045,,7/12/2022 change id on hthc,TRUE,324,045,Gymnocladus,dioicus,GYDI,FALSE,,,,FALSE,FALSE,19.6,4,,,,,SFR-D,SP,Mixed - Penetrable & Impervious,TRUE,TRUE,FALSE,TRUE,FALSE,TRUE,FALSE,FALSE,FALSE,FALSE,FALSE,7/12/2022,0.8,1.4,0.5,0.6,1.2,1,FALSE
324-UN-046,,7/12/2022,TRUE,324,046,,unknown,UN,FALSE,,,Bark like Ulmus parvifolia but leaves like some kind of Crataegus spp and has berries,FALSE,FALSE,6.2,,,,,,SFR-D,SP,Mixed - Penetrable & Impervious,TRUE,TRUE,FALSE,TRUE,FALSE,TRUE,FALSE,FALSE,FALSE,FALSE,FALSE,7/12/2022,3,2.5,1.5,2.25,3,2.25,FALSE
324-AIAL-047,,7/12/2022,TRUE,324,047,Ailanthus,altissima,AIAL,FALSE,,,,FALSE,FALSE,35.4,,,,,,SFR-D,SC,Impervious surface,TRUE,TRUE,FALSE,FALSE,FALSE,TRUE,FALSE,FALSE,FALSE,FALSE,FALSE,7/12/2022,2.5,2.5,4.5+,4.5+,2,4.5+,FALSE
324-ACSA-048,,7/12/2022,TRUE,324,048,Acer,saccharinum,ACSA,FALSE,,,,FALSE,FALSE,26.4,,,,,,MFR,SC,Impervious surface,TRUE,TRUE,FALSE,FALSE,FALSE,TRUE,FALSE,FALSE,FALSE,FALSE,FALSE,7/12/2022,4.5+,4.5+,4.5+,4.5+,4.5+,4.5,FALSE
324-ACSA-049,,7/12/2022,TRUE,324,049,Acer,saccharinum,ACSA,FALSE,,,,FALSE,FALSE,27.2,,,,,,MFR,SP,Mixed - Penetrable & Impervious,TRUE,TRUE,FALSE,FALSE,FALSE,TRUE,FALSE,FALSE,FALSE,FALSE,FALSE,7/12/2022,4.5+,4.5,4.5+,4.3,4.5+,4.5+,FALSE
324-GLTR-050,,7/12/2022,TRUE,324,050,Gleditsia,triacanthos,GLTR,FALSE,,,,FALSE,FALSE,23,,,,,,SFR-D,SP,Mixed - Penetrable & Impervious,TRUE,TRUE,FALSE,FALSE,FALSE,TRUE,FALSE,FALSE,FALSE,FALSE,FALSE,7/12/2022,4.5,3.25,4.5,2.7,3.7,3.4,FALSE
324-FRPE-051,,7/12/2022,TRUE,324,051,Fraxinus,pennsylvanica,FRPE,FALSE,,,Flat leaf scars,FALSE,FALSE,3.1,,,,,,SFR-D,SP,Mixed - Penetrable & Impervious,TRUE,TRUE,FALSE,FALSE,FALSE,TRUE,FALSE,FALSE,FALSE,FALSE,FALSE,7/12/2022,4.5+,2.4,4.5+,1.5,2.75,2,FALSE
324-FRPE-052,,7/12/2022,TRUE,324,052,Fraxinus,pennsylvanica,FRPE,FALSE,,,,FALSE,FALSE,1.3,,,,,,SFR-D,SP,Mixed - Penetrable & Impervious,TRUE,TRUE,FALSE,FALSE,FALSE,FALSE,FALSE,FALSE,FALSE,FALSE,FALSE,7/12/2022,2.5,1.6,1.2,4,1.5,2,FALSE
324-PRSE-053,,7/12/2022,TRUE,324,053,Prunus,serrulata,PRSE,FALSE,,,,FALSE,FALSE,1.7,,,,,,SFR-D,SP,Mixed - Penetrable & Impervious,TRUE,TRUE,FALSE,FALSE,FALSE,FALSE,FALSE,FALSE,FALSE,FALSE,FALSE,7/12/2022,3.25,2,4.5+,3.1,2.6,3.75,FALSE
324-CEOC-054,,7/12/2022,TRUE,324,054,Celtis,occidentalis,CEOC,FALSE,,,,FALSE,FALSE,13,,,,,,SFR-D,SP,Mixed - Penetrable & Impervious,TRUE,TRUE,FALSE,FALSE,FALSE,TRUE,FALSE,FALSE,FALSE,FALSE,FALSE,7/12/2022,4.5+,4.5+,4.5+,4.5+,4.5+,4.5+,FALSE
324-GLTR-055,,7/12/2022,TRUE,324,055,Gleditsia,triacanthos,GLTR,FALSE,,,,FALSE,FALSE,12.9,,,,,,SFR-D,SP,Mixed - Penetrable & Impervious,TRUE,TRUE,FALSE,FALSE,FALSE,TRUE,FALSE,FALSE,FALSE,FALSE,FALSE,7/12/2022,4.5+,4.5+,4.5+,4.5+,4.5+,4.5+,FALSE
324-GLTR-056,,7/12/2022,TRUE,324,056,Gleditsia,triacanthos,GLTR,FALSE,,,,FALSE,FALSE,26.3,,,,,,SFR-D,SP,Mixed - Penetrable & Impervious,TRUE,TRUE,FALSE,TRUE,FALSE,TRUE,FALSE,FALSE,FALSE,FALSE,FALSE,7/12/2022,2.75,3.6,4.5+,4.5+,4.5,2.75,FALSE
324-FRAM-057,,7/12/2022,TRUE,324,057,Fraxinus,americana,FRAM,FALSE,,,"More moon like leaf scar and rounder, entire leaflets",FALSE,FALSE,26.7,,,,,,SFR-D,SP,Mixed - Penetrable & Impervious,TRUE,TRUE,FALSE,FALSE,FALSE,TRUE,TRUE,FALSE,FALSE,FALSE,FALSE,7/12/2022,4.25,4,2.75,2.15,1.8,1.8,FALSE
324-ACXF-058,,7/12/2022,FALSE,324,058,Acer,x freemanii,ACXF,FALSE,,,,FALSE,TRUE,1.05,0.9,,,,,SFR-D,SP,Mixed - Penetrable & Impervious,TRUE,TRUE,FALSE,FALSE,FALSE,TRUE,FALSE,FALSE,FALSE,FALSE,FALSE,7/12/2022,2.6,4.2,4.25,2.3,2.5,4.1,FALSE
324-GLTR-059,,7/12/2022,TRUE,324,059,Gleditsia,triacanthos,GLTR,FALSE,,,,FALSE,FALSE,23,,,,,,SFR-D,SP,Mixed - Penetrable & Impervious,TRUE,TRUE,TRUE,FALSE,FALSE,TRUE,FALSE,FALSE,FALSE,FALSE,TRUE,"stones and weed mat covering soil, not possible",,,,,,,FALSE
324-ACSA-060,,7/12/2022,TRUE,324,060,Acer,saccharinum,ACSA,FALSE,,,,FALSE,FALSE,27.2,,,,,,MFR,SP,Mixed - Penetrable & Impervious,TRUE,TRUE,FALSE,FALSE,FALSE,TRUE,FALSE,FALSE,FALSE,FALSE,FALSE,7/12/2022,4.5+,4.5+,2.5,4.5+,4.5,4.5,FALSE
324-ACSA-061,,7/12/2022,TRUE,324,061,Acer,saccharinum,ACSA,FALSE,,,,FALSE,FALSE,14.5,,,,,,MFR,SC,Mixed - Penetrable & Impervious,TRUE,TRUE,FALSE,FALSE,FALSE,TRUE,FALSE,FALSE,FALSE,FALSE,FALSE,7/12/2022,4.5+,1.25,3,4.5,2.2,1.2,FALSE
324-FRPE-062,,7/12/2022,TRUE,324,062,Fraxinus,pennsylvanica,FRPE,TRUE,7/6/1905,8/2/1969,,FALSE,FALSE,18.7,,,,,,MFR,SP,Mixed - Penetrable & Impervious,TRUE,TRUE,FALSE,FALSE,FALSE,TRUE,TRUE,FALSE,FALSE,FALSE,FALSE,7/12/2022,4.5,4.2,4.5+,4.5+,4.5,4.5,FALSE
324-FRPE-063,,7/18/2022,TRUE,324,063,Fraxinus,pennsylvanica,FRPE,FALSE,,,,FALSE,FALSE,6.2,,,,,,SFR-D,SP,Mixed - Penetrable & Impervious,TRUE,TRUE,FALSE,FALSE,FALSE,TRUE,FALSE,FALSE,FALSE,FALSE,FALSE,7/18/2022,1.25,1.7,1.8,2,1.8,1.3,FALSE
324-ULUN-064,,7/18/2022,TRUE,324,064,Ulmus,unknown,ULUN,FALSE,,,,TRUE,FALSE,38.4,2-7,,,,,SFR-D,SP,Mixed - Penetrable & Impervious,TRUE,TRUE,FALSE,FALSE,FALSE,TRUE,FALSE,FALSE,FALSE,FALSE,FALSE,7/18/2022,3.25,4,1.25,4.5+,3.5,2.4,FALSE
324-DIVI-065,,7/18/2022,TRUE,324,065,Diospyros,virginiana,DIVI,FALSE,,,,FALSE,FALSE,8.6,,,,,,SFR-D,SP,Mixed - Penetrable & Impervious,TRUE,TRUE,FALSE,FALSE,FALSE,TRUE,FALSE,FALSE,FALSE,FALSE,FALSE,7/18/2022,2.8,4.1,2.5,3.2,1.4,2.6,FALSE
324-PIPU-066,,7/18/2022,TRUE,324,066,Picea,pungens,PIPU,FALSE,,,,TRUE,FALSE,6.5,,,,,,MFR,SP,Mixed - Penetrable & Impervious,TRUE,TRUE,FALSE,FALSE,FALSE,TRUE,FALSE,FALSE,FALSE,FALSE,FALSE,7/18/2022,2.25,1.9,2.25,2.2,2.25,2.1,FALSE
324-GLTR-067,,7/18/2022,TRUE,324,067,Gleditsia,triacanthos,GLTR,FALSE,,,,FALSE,FALSE,21.1,,,,,,SFR-D,SP,Mixed - Penetrable & Impervious,TRUE,TRUE,FALSE,TRUE,FALSE,TRUE,FALSE,FALSE,FALSE,FALSE,FALSE,7/18/2022,1.6,1.8,2,0.5,2.1,1,FALSE
324-PODE-068,,7/18/2022,TRUE,324,068,Populus,deltoides,PODE,FALSE,,,,FALSE,FALSE,4.6,4,,,,,SFR-D,SP,Mixed - Penetrable & Impervious,TRUE,TRUE,FALSE,TRUE,FALSE,TRUE,FALSE,FALSE,FALSE,TRUE,FALSE,7/18/2022,0.25,2.1,1.75,0.5,0.5,0.1,FALSE
324-FRPE-069,,7/18/2022,TRUE,324,069,Fraxinus,pennsylvanica,FRPE,TRUE,"2014, 2018","25422, 01908",,FALSE,FALSE,16.3,,,,,,SFR-D,SP,Mixed - Penetrable & Impervious,TRUE,TRUE,FALSE,FALSE,FALSE,TRUE,FALSE,FALSE,FALSE,FALSE,TRUE,7/18/2022 covered in coarse pebbles ,,,,,,,FALSE
324-GIBI-070,,7/18/2022,TRUE,324,070,Ginkgo,biloba,GIBI,FALSE,,,,FALSE,FALSE,1.8,,,,,,SFR-D,SP,Mixed - Penetrable & Impervious,TRUE,TRUE,FALSE,TRUE,FALSE,TRUE,FALSE,FALSE,FALSE,FALSE,FALSE,7/18/2022,0.4,0.5,2.5,3,1.5,0.6,FALSE
324-AIAL-071,,7/18/2022,TRUE,324,071,Ailanthus,altissima,AIAL,FALSE,,,,FALSE,FALSE,27,,,,,,SFR-D,SC,Impervious surface,TRUE,TRUE,TRUE,TRUE,FALSE,TRUE,FALSE,FALSE,FALSE,TRUE,FALSE,7/18/2022,3.5,2,1.5,0.6,0.8,1.4,FALSE
324-ACSA-072,,7/18/2022,TRUE,324,072,Acer,saccharinum,ACSA,FALSE,,,,FALSE,FALSE,13.8,,,,,,SFR-D,SC,Impervious surface,TRUE,TRUE,TRUE,TRUE,FALSE,TRUE,FALSE,FALSE,FALSE,TRUE,FALSE,7/18/2022,1.75,4.25,1.2,1.5,2,4.5+,FALSE
324-ACSA-073,,7/18/2022,TRUE,324,073,Acer,saccharinum,ACSA,FALSE,,,,FALSE,FALSE,25.6,,,,,,SFR-D,SC,Impervious surface,TRUE,TRUE,TRUE,TRUE,FALSE,TRUE,FALSE,FALSE,FALSE,TRUE,FALSE,7/18/2022,1.75,4.5+,4.5,4.5,0.8,2.5,FALSE
324-FRPE-074,,7/18/2022,TRUE,324,074,Fraxinus,pennsylvanica,FRPE,TRUE,"2014,2018","24864,01867",,FALSE,FALSE,9.9,,,,,,MFR,SC,Impervious surface,TRUE,TRUE,TRUE,FALSE,FALSE,TRUE,FALSE,FALSE,FALSE,FALSE,FALSE,7/18/2022,3.7,3.5,3.75,4,4.5+,4.25,FALSE
324-FRPE-075,,7/18/2022,TRUE,324,075,Fraxinus,pennsylvanica,FRPE,TRUE,7/10/1905,2/10/1905,,FALSE,FALSE,6.9,,,,,,MFR,SC,Impervious surface,TRUE,TRUE,TRUE,FALSE,FALSE,TRUE,FALSE,FALSE,FALSE,FALSE,FALSE,7/18/2022,3.3,1.8,4.5+,3.6,1.5,4.5,FALSE
324-FRUN-076,,7/18/2022,TRUE,324,076,Fraxinus,unknown,FRUN,TRUE,"2014,2018","24865,01869","Looks more like white to me, small teeth on edges of leaves",TRUE,FALSE,22.5,,,,,,MFR,SC,Mixed - Penetrable & Impervious,TRUE,TRUE,TRUE,TRUE,FALSE,TRUE,FALSE,FALSE,FALSE,FALSE,FALSE,7/18/20222,3.75,2,1.6,1.2,1.75,2.4,FALSE
324-ACXF-077,,7/18/2022,TRUE,324,077,Acer,x freemanii,ACXF,FALSE,,,,FALSE,FALSE,4.6,,,,,,MFR,SP,Mixed - Penetrable & Impervious,TRUE,TRUE,TRUE,TRUE,FALSE,TRUE,FALSE,FALSE,FALSE,FALSE,FALSE,7/18/2022,1.5,4.5,1.6,4.5+,2.5,2.75,FALSE
324-PRSE-078,,7/18/2022,TRUE,324,078,Prunus,serrulata,PRSE,FALSE,,,,FALSE,FALSE,2.7,,,,,,SFR-D,SP,Mixed - Penetrable & Impervious,TRUE,TRUE,FALSE,TRUE,FALSE,TRUE,FALSE,FALSE,FALSE,FALSE,FALSE,7/18/2022,0.5,0.8,0.4,0.6,0.5,0.3,FALSE
324-AIAL-079,,7/18/2022,TRUE,324,079,Ailanthus,altissima,AIAL,FALSE,,,,FALSE,FALSE,22.9,,,,,,SFR-D,SP,Mixed - Penetrable & Impervious,TRUE,TRUE,TRUE,FALSE,FALSE,TRUE,FALSE,FALSE,FALSE,FALSE,FALSE,7/18/2022,1.6,1.5,1.5,2.25,1.75,3.1,FALSE
324-ACXF-080,,7/18/2022,TRUE,324,080,Acer,x freemanii,ACXF,FALSE,,,,FALSE,FALSE,5,,,,,,SFR-D,SP,Mixed - Penetrable & Impervious,TRUE,TRUE,TRUE,TRUE,FALSE,TRUE,FALSE,FALSE,FALSE,FALSE,FALSE,7/18/2022,3.9,2.6,0.75,2.9,3.2,2.9,FALSE
324-ACSA-081,,7/18/2022,TRUE,324,081,Acer,saccharinum,ACSA,FALSE,,,,FALSE,FALSE,18.6,,,,,,MFR,SP,Mixed - Penetrable & Impervious,TRUE,TRUE,FALSE,FALSE,FALSE,TRUE,FALSE,FALSE,FALSE,FALSE,FALSE,8/17/2022,4.5+,4.5+,4.5+,4.5+,4.5+,4.5+,FALSE
324-FRPE-082,,7/18/2022,TRUE,324,082,Fraxinus,pennsylvanica,FRPE,FALSE,,,All basal sprout from a stump,FALSE,TRUE,2.9,,2.4,2.4,2.5,,MFR,SP,Mixed - Penetrable & Impervious,TRUE,TRUE,FALSE,FALSE,FALSE,TRUE,FALSE,FALSE,FALSE,FALSE,FALSE,8/17/2022,4.5+,4.5+,4.5+,3.5,4,3.75,FALSE
324-FRPE-083,,7/18/2022,TRUE,324,083,Fraxinus,pennsylvanica,FRPE,TRUE,,,Treated by Bartlett trees with Mectanite in 2021,FALSE,FALSE,18.5,,,,,,MFR,SP,Mixed - Penetrable & Impervious,TRUE,TRUE,FALSE,TRUE,FALSE,TRUE,FALSE,FALSE,FALSE,FALSE,FALSE,7/18/2022,1,2.5,0.5,0.75,2.8,2.5,FALSE
324-GYDI-084,,7/18/2022,TRUE,324,084,Gymnocladus,dioicus,GYDI,FALSE,,,,FALSE,FALSE,12.8,,,,,,MFR,SP,Mixed - Penetrable & Impervious,TRUE,TRUE,FALSE,TRUE,FALSE,TRUE,FALSE,FALSE,FALSE,FALSE,FALSE,7/18/2022,0.4,0.5,0.3,1,1.4,0.25,FALSE
324-MOAL-085,,7/18/2022,TRUE,324,085,Morus,alba,MOAL,FALSE,,,,FALSE,FALSE,27.9,,,,,,SFR-D,SP,Mixed - Penetrable & Impervious,TRUE,TRUE,FALSE,FALSE,FALSE,TRUE,FALSE,FALSE,FALSE,FALSE,FALSE,7/18/2022,2.4,2.25,1.25,2.8,4.5,2.5,FALSE
324-ACGR-086,,7/18/2022,TRUE,324,086,Acer,griseum,ACGR,FALSE,,,,FALSE,FALSE,5,,,,,,SFR-D,SP,Mixed - Penetrable & Impervious,TRUE,TRUE,FALSE,FALSE,FALSE,TRUE,FALSE,FALSE,FALSE,FALSE,FALSE,7/18/2022,1,2,0.5,1.75,0.8,1.75,FALSE
324-CRCR-087,,7/18/2022,TRUE,324,087,Crataegus,crus-galli,CRCR,FALSE,,,,FALSE,FALSE,5.1,3-9,,,,,SFR-D,SP,Mixed - Penetrable & Impervious,TRUE,TRUE,FALSE,FALSE,FALSE,TRUE,TRUE,FALSE,FALSE,FALSE,FALSE,7/18/2022,1.1,1.5,3,1.1,1.5,2.5,FALSE
324-ACSA-088,,7/18/2022,TRUE,324,088,Acer,saccharinum,ACSA,FALSE,,,,FALSE,FALSE,9.2,,6.1,,,,SFR-D,SP,Mixed - Penetrable & Impervious,TRUE,TRUE,FALSE,FALSE,FALSE,TRUE,FALSE,FALSE,FALSE,FALSE,FALSE,7/18/2022,1.5,2.3,3,2.5,1.8,2.5,FALSE
324-AIAL-089,,7/18/2022,TRUE,324,089,Ailanthus,altissima,AIAL,FALSE,,,,FALSE,FALSE,22.7,,,,,,SFR-D,SP,Mixed - Penetrable & Impervious,TRUE,TRUE,FALSE,FALSE,FALSE,TRUE,FALSE,FALSE,FALSE,FALSE,FALSE,7/18/2022,2.2,2.1,1.9,2.4,1.7,1.25,FALSE
324-ACSA-090,,7/18/2022,TRUE,324,090,Acer,saccharinum,ACSA,FALSE,,,,FALSE,FALSE,26.4,,,,,,SFR-D,SC,Mixed - Penetrable & Impervious,TRUE,TRUE,FALSE,FALSE,FALSE,TRUE,FALSE,FALSE,FALSE,FALSE,FALSE,7/18/2022,3.75,3,3,2.1,3,2.5,FALSE
324-TICO-091,,7/18/2022,TRUE,324,091,Tilia,cordata,TICO,FALSE,,,,FALSE,FALSE,19.4,,,,,,SFR-D,SP,Mixed - Penetrable & Impervious,TRUE,TRUE,FALSE,FALSE,FALSE,TRUE,FALSE,FALSE,FALSE,FALSE,FALSE,7/18/2022,2.1,2.5,1.5,2.25,1.5,1.8,FALSE
324-FRPE-092,,7/18/2022,TRUE,324,092,Fraxinus,pennsylvanica,FRPE,TRUE,7/10/1905,2/12/1905,,FALSE,FALSE,18.5,,,,,,MFR,SP,Mixed - Penetrable & Impervious,TRUE,TRUE,FALSE,FALSE,FALSE,TRUE,FALSE,FALSE,FALSE,FALSE,FALSE,7/18/2022,2.75,4,4.5+,4.25,3.1,3.3,FALSE
324-GLTR-093,,7/18/2022,TRUE,324,093,Gleditsia,triacanthos,GLTR,FALSE,,,,FALSE,FALSE,21.7,,,,,,SFR-D,SP,Mixed - Penetrable & Impervious,TRUE,TRUE,FALSE,FALSE,FALSE,TRUE,FALSE,FALSE,FALSE,FALSE,TRUE,7/18/2022 completely covered by weed mat,,,,,,,FALSE
324-ACXF-094,,7/18/2022,TRUE,324,094,Acer,x freemanii,ACXF,FALSE,,,,FALSE,FALSE,4.8,,,,,,SFR-D,SP,Mixed - Penetrable & Impervious,TRUE,TRUE,FALSE,TRUE,FALSE,TRUE,FALSE,FALSE,FALSE,FALSE,FALSE,7/18/2022,4.5,2.7,4.5,1.65,2.5,1.6,FALSE
324-AIAL-095,,7/18/2022,TRUE,324,095,Ailanthus,altissima,AIAL,FALSE,,,,FALSE,FALSE,19.7,,,,,,SFR-A,SP,Mixed - Penetrable & Impervious,TRUE,TRUE,FALSE,TRUE,FALSE,TRUE,FALSE,FALSE,FALSE,FALSE,FALSE,7/18/2022,1,2.5,1,0.25,1.25,1.5,FALSE
324-CASP-096,,7/18/2022,TRUE,324,096,Catalpa,speciosa,CASP,TRUE,,2/3/1904,,FALSE,FALSE,8.3,,,,,,COMM,SC,Impervious surface,TRUE,TRUE,FALSE,FALSE,FALSE,FALSE,FALSE,FALSE,FALSE,FALSE,TRUE,7/18/2022 cutout completely covered by grate ,,,,,,,FALSE
281-GLTR-001,,7/19/2022,TRUE,281,001,Gleditsia,triacanthos,GLTR,TRUE,,2/23/1906,,FALSE,FALSE,2.5,,,,,,IND,SC,Impervious surface,TRUE,TRUE,TRUE,TRUE,FALSE,FALSE,FALSE,FALSE,FALSE,FALSE,FALSE,7/19/2022,1.3,1.9,0.75,1.75,0.5,1.8,FALSE
281-GLTR-002,,7/19/2022,TRUE,281,002,Gleditsia,triacanthos,GLTR,TRUE,,2/22/1906,,FALSE,FALSE,2.1,,,,,,IND,SC,Impervious surface,TRUE,TRUE,TRUE,TRUE,FALSE,FALSE,FALSE,FALSE,FALSE,FALSE,FALSE,7/19/2022,1.6,0.6,0.9,1.25,1.1,0.5,FALSE
281-GLTR-003,,7/19/2022,TRUE,281,003,Gleditsia,triacanthos,GLTR,TRUE,,2/12/1906,,FALSE,FALSE,2.4,,,,,,IND,SC,Impervious surface,TRUE,TRUE,TRUE,TRUE,FALSE,TRUE,FALSE,FALSE,FALSE,FALSE,FALSE,7/19/2022,1.75,0.6,0.6,0.75,1.8,0.8,FALSE
281-GLTR-004,,7/19/2022,TRUE,281,004,Gleditsia,triacanthos,GLTR,TRUE,,2/11/1906,,FALSE,FALSE,2.2,,,,,,IND,SC,Impervious surface,TRUE,TRUE,TRUE,TRUE,FALSE,TRUE,FALSE,FALSE,FALSE,FALSE,FALSE,7/19/2022,2.25,1.25,1.25,1,1.5,1.6,FALSE
281-GLTR-005,,7/19/2022,TRUE,281,005,Gleditsia,triacanthos,GLTR,TRUE,,1/10/1906,,FALSE,FALSE,1.9,,,,,,IND,SC,Impervious surface,TRUE,TRUE,TRUE,TRUE,FALSE,TRUE,FALSE,FALSE,FALSE,FALSE,FALSE,7/19/2022,2.5,1.25,0.5,1.8,1.5,0.5,FALSE
281-GLTR-006,,7/19/2022,TRUE,281,006,Gleditsia,triacanthos,GLTR,TRUE,,1/25/1906,,FALSE,FALSE,2.3,,,,,,IND,SC,Impervious surface,TRUE,TRUE,TRUE,TRUE,FALSE,TRUE,FALSE,FALSE,FALSE,FALSE,FALSE,7/19/2022,3.8,1,1.9,1.9,1.25,0.75,FALSE
281-ULUN-007,,7/19/2022,TRUE,281,007,Ulmus,unknown,ULUN,FALSE,,,Coarse leaves like slippery elm,FALSE,FALSE,8.2,,,,,,IND,SC,Impervious surface,TRUE,TRUE,TRUE,FALSE,FALSE,TRUE,FALSE,FALSE,FALSE,FALSE,FALSE,7/19/2022,3.9,4.5+,3.5,1.6,1.6,1.25,FALSE
281-ULUN-008,,7/19/2022,TRUE,281,008,Ulmus,unknown,ULUN,FALSE,,,Same as prev,FALSE,FALSE,8.3,,,,,,IND,SC,Impervious surface,TRUE,TRUE,TRUE,FALSE,FALSE,TRUE,FALSE,FALSE,FALSE,FALSE,FALSE,7/19/2022,4.25,1.5,1.9,1.9,3,2.4,FALSE
281-GLTR-009,,7/19/2022,TRUE,281,009,Gleditsia,triacanthos,GLTR,TRUE,,2/24/1924,,FALSE,FALSE,2.7,,,,,,COMM,SC,Penetrable soils - bare,TRUE,TRUE,FALSE,TRUE,FALSE,TRUE,FALSE,FALSE,FALSE,FALSE,FALSE,7/19/2022,1.25,0.75,1.8,4,4.1,1.25,FALSE
281-TIAM-010,,7/19/2022,TRUE,281,010,Tilia,americana,TIAM,FALSE,,,"ID from bark mostly, leaves are discolored and odd",FALSE,FALSE,2.6,,,,,,COMM,SC,Penetrable soils - bare,TRUE,TRUE,FALSE,TRUE,FALSE,TRUE,FALSE,FALSE,FALSE,FALSE,FALSE,7/19/2022,0.5,0.6,0.6,1.1,0.6,1.9,FALSE
281-GLTR-011,,7/19/2022,TRUE,281,011,Gleditsia,triacanthos,GLTR,TRUE,,2/19/1924,,FALSE,FALSE,3,,,,,,COMM,SC,Penetrable soils - bare,TRUE,TRUE,FALSE,TRUE,FALSE,TRUE,FALSE,FALSE,FALSE,FALSE,FALSE,7/19/2022,0.6,2.3,0.5,1,0.6,0.5,FALSE
281-TIAM-012,,7/19/2022,TRUE,281,012,Tilia,americana,TIAM,TRUE,,2/24/1916,,FALSE,FALSE,2.4,,,,,,COMM,SC,Penetrable soils - bare,TRUE,TRUE,FALSE,TRUE,FALSE,TRUE,FALSE,FALSE,FALSE,FALSE,FALSE,7/19/2022,2,1.25,1.4,1,0.8,1,FALSE
281-GIBI-013,,7/19/2022,TRUE,281,013,Ginkgo,biloba,GIBI,TRUE,,1/11/1949,,FALSE,FALSE,1.7,,,,,,COMM,SC,Penetrable soils - bare,TRUE,TRUE,FALSE,TRUE,FALSE,TRUE,FALSE,FALSE,FALSE,FALSE,FALSE,7/19/2022,3.3,2.8,1.3,3.4,2.75,3.9,FALSE
281-GIBI-014,,7/19/2022,TRUE,281,014,Ginkgo,biloba,GIBI,TRUE,,10/26/1953,,FALSE,FALSE,1.8,,,,,,COMM,SC,Penetrable soils - bare,TRUE,TRUE,FALSE,TRUE,FALSE,TRUE,FALSE,FALSE,FALSE,FALSE,FALSE,7/19/2022,3.8,2.75,2.6,4.5,2.6,3.4,FALSE
281-GIBI-015,,7/19/2022,TRUE,281,015,Ginkgo,biloba,GIBI,FALSE,,,,FALSE,FALSE,1.3,,,,,,COMM,SC,Penetrable soils - bare,TRUE,TRUE,FALSE,TRUE,FALSE,TRUE,FALSE,FALSE,FALSE,FALSE,FALSE,7/19/2022,1.25,0.75,1.75,1,1,1,FALSE
281-GIBI-016,,7/19/2022,TRUE,281,016,Ginkgo,biloba,GIBI,FALSE,,,,FALSE,FALSE,1.95,,,,,,COMM,SC,Penetrable soils - bare,TRUE,TRUE,FALSE,TRUE,FALSE,TRUE,FALSE,FALSE,FALSE,FALSE,FALSE,7/19/2022,1.8,2.5,4.5,3.1,2.3,1.6,FALSE
281-POTR-017,,7/19/2022,TRUE,281,017,Populus,tremuloides,POTR,FALSE,,,,FALSE,FALSE,2.3,,,,,,COMM,SC,Penetrable soils - bare,TRUE,TRUE,FALSE,TRUE,FALSE,TRUE,FALSE,FALSE,FALSE,FALSE,FALSE,7/19/2022,2.6,1.4,1.9,2.3,3.3,1.9,TRUE
281-GIBI-018,,7/19/2022,TRUE,281,018,Ginkgo,biloba,GIBI,FALSE,,,Has been top cut,FALSE,FALSE,1.9,3.2,,,,,COMM,SC,Penetrable soils - bare,TRUE,TRUE,FALSE,TRUE,FALSE,TRUE,FALSE,FALSE,FALSE,FALSE,FALSE,7/19/2022,4.5,3,2.5,4,4.4,4.5,TRUE
281-UN-019,,6/17/2022,TRUE,281,019,,unknown,UN,FALSE,,,"Is dead, from bark seems like honeylocust",TRUE,FALSE,2.3,,,,,,COMM,SC,Penetrable soils - bare,TRUE,TRUE,FALSE,TRUE,FALSE,TRUE,FALSE,FALSE,FALSE,FALSE,TRUE,New tree with new mulch so not useful compaction,,,,,,,TRUE
281-GIBI-020,,6/17/2022,TRUE,281,020,Ginkgo,biloba,GIBI,FALSE,,,"Dead, can tell from bark and leaf attachments",FALSE,FALSE,1.8,,,,,,COMM,SC,Penetrable soils - bare,TRUE,TRUE,FALSE,TRUE,FALSE,FALSE,FALSE,FALSE,FALSE,FALSE,FALSE,7/19/2022,2.5,1.8,1.1,1.6,2.5,2.75,TRUE
281-UN-021,,7/19/2022,TRUE,281,021,,unknown,UN,FALSE,,,"Dead, could be gingko",FALSE,FALSE,2,"1'8""",,,,,COMM,SC,Penetrable soils - bare,TRUE,TRUE,FALSE,TRUE,FALSE,TRUE,FALSE,FALSE,FALSE,FALSE,FALSE,7/19/2022,3.6,3.25,3.4,4.1,2.75,2.2,TRUE
281-ACXF-022,,7/19/2022,TRUE,281,022,Acer,x freemanii,ACXF,FALSE,,,,FALSE,FALSE,11.6,,,,,,MP,SP,Mixed - Penetrable & Impervious,TRUE,TRUE,FALSE,TRUE,FALSE,TRUE,TRUE,FALSE,FALSE,FALSE,FALSE,7/19/2022,3.7,2.75,2.25,2.5,3.75,2.5,FALSE
281-ACXF-023,,7/19/2022,TRUE,281,023,Acer,x freemanii,ACXF,FALSE,,,,FALSE,FALSE,15.2,,,,,,MP,SP,Mixed - Penetrable & Impervious,TRUE,TRUE,FALSE,TRUE,FALSE,TRUE,TRUE,FALSE,FALSE,FALSE,FALSE,7/19/2022,1.9,1.75,1.75,3,1.8,1.75,FALSE
281-ACXF-024,,7/19/2022,TRUE,281,024,Acer,x freemanii,ACXF,FALSE,,,,FALSE,FALSE,15.5,,,,,,MP,SP,Mixed - Penetrable & Impervious,TRUE,TRUE,FALSE,TRUE,FALSE,TRUE,TRUE,FALSE,FALSE,FALSE,FALSE,7/19/2022,1.25,1.75,2.1,2.3,2.1,4.4,FALSE
281-ACXF-025,,7/19/2022,TRUE,281,025,Acer,x freemanii,ACXF,FALSE,,,,FALSE,FALSE,12.5,,,,,,MP,SP,Mixed - Penetrable & Impervious,TRUE,TRUE,FALSE,TRUE,FALSE,TRUE,TRUE,FALSE,FALSE,FALSE,FALSE,7/19/2022,2.2,1.75,2.75,1,1.3,2.4,FALSE
281-ACXF-026,,7/19/2022,TRUE,281,026,Acer,x freemanii,ACXF,FALSE,,,,FALSE,FALSE,14.4,,,,,,MP,SP,Mixed - Penetrable & Impervious,TRUE,TRUE,FALSE,TRUE,FALSE,TRUE,TRUE,FALSE,FALSE,FALSE,FALSE,7/19/2022,1.75,3.4,2.25,1.4,1,3.1,FALSE
281-ACXF-027,,7/19/2022,TRUE,281,027,Acer,x freemanii,ACXF,FALSE,,,,FALSE,FALSE,12,,,,,,MP,SP,Mixed - Penetrable & Impervious,TRUE,TRUE,FALSE,TRUE,FALSE,TRUE,TRUE,FALSE,FALSE,FALSE,FALSE,7/19/2022,2.4,1.8,3.7,4.25,2.6,1.6,FALSE
281-ACPL-028,,7/19/2022,TRUE,281,028,Acer,platanoides,ACPL,FALSE,,,,FALSE,FALSE,17.6,,,,,,SFR-D,SP,Mixed - Penetrable & Impervious,TRUE,TRUE,FALSE,FALSE,FALSE,TRUE,TRUE,FALSE,FALSE,FALSE,FALSE,7/19/2022,2.4,3.5,2.3,3.5,3.25,1.75,FALSE
281-ACPL-029,,7/19/2022,TRUE,281,029,Acer,platanoides,ACPL,FALSE,,,,FALSE,FALSE,17.4,,,,,,SFR-D,SP,Mixed - Penetrable & Impervious,TRUE,TRUE,FALSE,FALSE,FALSE,TRUE,TRUE,FALSE,FALSE,FALSE,FALSE,7/19/2022,1.75,2.6,2.75,2.25,4.5,3.25,FALSE
281-ACPL-030,,7/19/2022,TRUE,281,030,Acer,platanoides,ACPL,FALSE,,,,FALSE,FALSE,12.4,,,,,,SFR-D,SP,Mixed - Penetrable & Impervious,TRUE,TRUE,FALSE,FALSE,FALSE,TRUE,TRUE,FALSE,FALSE,FALSE,FALSE,7/19/2022,1.5,1.8,3.1,2,4.3,2.5,FALSE
281-ACPL-031,,7/19/2022,TRUE,281,031,Acer,platanoides,ACPL,FALSE,,,,FALSE,FALSE,14.9,,,,,,SFR-D,SP,Mixed - Penetrable & Impervious,TRUE,TRUE,FALSE,FALSE,FALSE,TRUE,TRUE,FALSE,FALSE,FALSE,FALSE,7/19/2022,2.7,4.5,1.4,4.5,3.8,3.75,FALSE
281-PIUN-,,7/19/2022,TRUE,281,,Picea,unknown,PIUN,FALSE,,,Tiny tree so not adding to hthc and not giving tree number,FALSE,FALSE,,,,,,,SFR-D,SP,Mixed - Penetrable & Impervious,TRUE,TRUE,FALSE,FALSE,FALSE,TRUE,TRUE,FALSE,FALSE,FALSE,FALSE,7/19/2022,1.75,1.25,3.5,2.75,0.9,2,FALSE
281-ACPL-032,,7/19/2022,TRUE,281,032,Acer,platanoides,ACPL,FALSE,,,,FALSE,FALSE,12.1,,,,,,SFR-D,SP,Mixed - Penetrable & Impervious,TRUE,TRUE,FALSE,FALSE,FALSE,TRUE,TRUE,FALSE,FALSE,FALSE,FALSE,7/19/2022,3.5,2.1,2.25,1.6,2.6,2.1,FALSE
281-ACSA-033,,7/19/2022,TRUE,281,033,Acer,saccharinum,ACSA,FALSE,,,,FALSE,FALSE,27.8,,,,,,SFR-D,SP,Mixed - Penetrable & Impervious,TRUE,TRUE,FALSE,FALSE,FALSE,TRUE,TRUE,FALSE,FALSE,FALSE,FALSE,7/19/2022,1,4.5+,3.6,1.3,2.5,2.6,FALSE
281-ACPL-034,,7/19/2022,TRUE,281,034,Acer,platanoides,ACPL,FALSE,,,,FALSE,FALSE,14.9,,,,,,SFR-D,SP,Mixed - Penetrable & Impervious,TRUE,TRUE,FALSE,FALSE,FALSE,TRUE,FALSE,FALSE,FALSE,FALSE,FALSE,7/19/2022,2.5,2.25,2.5,3,2,2.5,FALSE
281-ACSA-035,,7/19/2022,TRUE,281,035,Acer,saccharinum,ACSA,FALSE,,,,FALSE,FALSE,22.2,,,,,,SFR-D,SP,Mixed - Penetrable & Impervious,TRUE,TRUE,FALSE,FALSE,FALSE,TRUE,TRUE,FALSE,FALSE,FALSE,FALSE,7/19/2022,2.4,2.8,2.8,2.6,2.75,3.25,FALSE
281-ACSA-036,,7/19/2022,TRUE,281,036,Acer,saccharinum,ACSA,FALSE,,,,FALSE,FALSE,24.2,4-3,,,,,SFR-D,SC,Mixed - Penetrable & Impervious,TRUE,TRUE,FALSE,FALSE,FALSE,TRUE,TRUE,FALSE,FALSE,FALSE,FALSE,7/19/2022,2.75,2.75,1.3,1.75,0.9,2.25,FALSE
16-GLTR-001,,6/26/2022,TRUE,16,001,Gleditsia,triacanthos,GLTR,FALSE,,,,FALSE,FALSE,23.2,,,,,,MFR,SP,Mixed - Penetrable & Impervious,TRUE,TRUE,FALSE,FALSE,FALSE,TRUE,TRUE,FALSE,FALSE,FALSE,FALSE,6/30/2022,4.5+,4.5,2.25,4.5+,4.5+,4.5+,FALSE
16-ACSA-002,,6/26/2022,TRUE,16,002,Acer,saccharinum,ACSA,FALSE,,,,FALSE,FALSE,30.7,2'3'',,,,,MFR,SP,Mixed - Penetrable & Impervious,TRUE,TRUE,FALSE,FALSE,FALSE,TRUE,TRUE,FALSE,FALSE,FALSE,FALSE,6/30/2022,3.4,3,4.5+,4.5+,4.5+,3.75,FALSE
16-GLTR-003,,6/26/2022,TRUE,16,003,Gleditsia,triacanthos,GLTR,FALSE,,,,FALSE,FALSE,26.5,,,,,,MFR,SP,Mixed - Penetrable & Impervious,TRUE,TRUE,FALSE,FALSE,FALSE,TRUE,TRUE,FALSE,FALSE,FALSE,FALSE,6/30/2022,3.6,4.5+,4.5+,4.5+,4.5,4.5+,FALSE
16-GLTR-004,,6/26/2022,TRUE,16,004,Gleditsia,triacanthos,GLTR,FALSE,,,,FALSE,FALSE,26.4,,,,,,MFR,SP,Mixed - Penetrable & Impervious,TRUE,TRUE,FALSE,FALSE,FALSE,TRUE,TRUE,FALSE,FALSE,FALSE,FALSE,6/30/2022,1.75,1,4.5+,1,4.5+,4.5+,FALSE
16-TICO-005,,6/26/2022,TRUE,16,005,Tilia,cordata,TICO,FALSE,,,,FALSE,FALSE,18.3,,,,,,MFR,SP,Mixed - Penetrable & Impervious,TRUE,TRUE,FALSE,FALSE,FALSE,TRUE,TRUE,FALSE,FALSE,FALSE,FALSE,6/30/2022,0.75,3.1,4.5,4.5+,4.5,0.75,FALSE
16-CEOC-006,,6/26/2022,TRUE,16,006,Celtis,occidentalis,CEOC,FALSE,,,,FALSE,FALSE,20.3,,,,,,SFR-D,SP,Mixed - Penetrable & Impervious,TRUE,TRUE,FALSE,FALSE,FALSE,TRUE,TRUE,FALSE,FALSE,FALSE,FALSE,6/30/2022,4.5+,3.1,4.5+,4.5+,4,3.1,FALSE
16-GLTR-007,,6/26/2022,TRUE,16,007,Gleditsia,triacanthos,GLTR,FALSE,,,,FALSE,FALSE,26.7,,,,,,SFR-D,SP,Mixed - Penetrable & Impervious,TRUE,TRUE,FALSE,FALSE,FALSE,TRUE,TRUE,FALSE,FALSE,FALSE,FALSE,6/30/2022,4.5+,4.5+,4.5+,4.5+,4.5+,4.5+,FALSE
16-ACPL-008,,6/26/2022,TRUE,16,008,Acer,platanoides,ACPL,FALSE,,,,FALSE,FALSE,21,,,,,,SFR-D,SP,Mixed - Penetrable & Impervious,TRUE,TRUE,FALSE,FALSE,FALSE,TRUE,TRUE,FALSE,FALSE,FALSE,FALSE,6/30/2022,4.5+,2.75,4.5+,4.5+,4.5+,4.5,FALSE
16-CEOC-009,,6/26/2022,TRUE,16,009,Celtis,occidentalis,CEOC,FALSE,,,,FALSE,FALSE,24,1'6'',,,,,SFR-D,SC,Mixed - Penetrable & Impervious,TRUE,TRUE,FALSE,FALSE,FALSE,TRUE,TRUE,FALSE,FALSE,FALSE,FALSE,6/30/2022,1.3,3.75,2.6,2.5,3.6,4.5+,FALSE
16-GLTR-010,,6/26/2022,TRUE,16,010,Gleditsia,triacanthos,GLTR,FALSE,,,,FALSE,FALSE,24.9,,,,,,MFR,SP,Mixed - Penetrable & Impervious,TRUE,TRUE,FALSE,FALSE,FALSE,TRUE,TRUE,FALSE,FALSE,FALSE,FALSE,6/30/2022,1.75,4.5+,1,4.5+,4.5+,4.5,FALSE
16-GLTR-011,,6/26/2022,TRUE,16,011,Gleditsia,triacanthos,GLTR,FALSE,,,,FALSE,FALSE,22.2,,,,,,MFR,SP,Mixed - Penetrable & Impervious,TRUE,TRUE,FALSE,FALSE,FALSE,TRUE,TRUE,FALSE,FALSE,FALSE,FALSE,6/30/2022,4.5+,1.5,4.5,3,4.5+,4.5+,FALSE
16-GLTR-012,,6/26/2022,TRUE,16,012,Gleditsia,triacanthos,GLTR,FALSE,,,,FALSE,FALSE,25,,,,,,MFR,SP,Mixed - Penetrable & Impervious,TRUE,TRUE,FALSE,FALSE,FALSE,TRUE,TRUE,FALSE,FALSE,FALSE,FALSE,6/30/2022,3.25,4,4.5+,2.75,4.5,3.5,FALSE
16-GLTR-013,,6/26/2022,TRUE,16,013,Gleditsia,triacanthos,GLTR,FALSE,,,,FALSE,FALSE,23.8,,,,,,SFR-D,SP,Mixed - Penetrable & Impervious,TRUE,TRUE,FALSE,FALSE,FALSE,TRUE,TRUE,FALSE,FALSE,FALSE,FALSE,6/30/2022,2.1,4.5,4.5+,3.5,4.25,4.25,FALSE
16-ACRU-014,,6/26/2022,TRUE,16,014,Acer,rubrum,ACRU,FALSE,,,,FALSE,FALSE,8.8,,,,,,SFR-D,SP,Mixed - Penetrable & Impervious,TRUE,TRUE,FALSE,FALSE,FALSE,TRUE,TRUE,FALSE,FALSE,FALSE,FALSE,6/30/2022,1.25,1.9,3,3.25,2.25,3.1,FALSE
16-GLTR-015,,6/26/2022,TRUE,16,015,Gleditsia,triacanthos,GLTR,FALSE,,,,FALSE,FALSE,25.8,,,,,,MFR,SP,Mixed - Penetrable & Impervious,TRUE,TRUE,FALSE,FALSE,FALSE,TRUE,TRUE,FALSE,FALSE,FALSE,FALSE,6/30/2022,4,2.5,4.5+,4.5+,2.5,4.5+,FALSE
16-ACPL-016,,6/26/2022,TRUE,16,016,Acer,platanoides,ACPL,FALSE,,,,FALSE,FALSE,17.8,,,,,,SFR-D,SP,Mixed - Penetrable & Impervious,TRUE,TRUE,FALSE,FALSE,FALSE,TRUE,TRUE,FALSE,FALSE,FALSE,FALSE,6/30/2022,4.5+,4.5+,4,4.5+,4.5+,3.75,FALSE
16-ACPL-017,,6/26/2022,TRUE,16,017,Acer,platanoides,ACPL,FALSE,,,,FALSE,FALSE,20.3,,,,,,SFR-D,SP,Mixed - Penetrable & Impervious,TRUE,TRUE,FALSE,TRUE,FALSE,TRUE,TRUE,FALSE,FALSE,TRUE,FALSE,6/30/2022,2.25,2.25,2.75,2,4.5,1.75,FALSE
16-ACPL-018,,6/26/2022,TRUE,16,018,Acer,platanoides,ACPL,FALSE,,,,FALSE,FALSE,19,,,,,,SFR-D,SP,Mixed - Penetrable & Impervious,TRUE,TRUE,FALSE,FALSE,FALSE,TRUE,TRUE,FALSE,FALSE,FALSE,FALSE,6/30/2022,2.25,4.5+,4.5,3,4.5+,4.5+,FALSE
16-ACPL-019,,6/26/2022,TRUE,16,019,Acer,platanoides,ACPL,FALSE,,,,FALSE,FALSE,18.4,,,,,,MFR,SP,Mixed - Penetrable & Impervious,TRUE,TRUE,FALSE,FALSE,FALSE,TRUE,TRUE,FALSE,FALSE,FALSE,FALSE,6/30/2022,2.5,4.5+,4.25,4.5+,4.5+,4.5+,FALSE
16-GLTR-020,,6/26/2022,TRUE,16,020,Gleditsia,triacanthos,GLTR,FALSE,,,,FALSE,FALSE,28.4,,,,,,SFR-D,SP,Mixed - Penetrable & Impervious,TRUE,TRUE,FALSE,FALSE,FALSE,TRUE,TRUE,FALSE,FALSE,FALSE,FALSE,6/30/2022,2,4.5+,4.5+,4.5+,4.25,3.25,FALSE
16-GLTR-021,,6/26/2022,TRUE,16,021,Gleditsia,triacanthos,GLTR,FALSE,,,,FALSE,FALSE,28,,,,,,SFR-D,SP,Mixed - Penetrable & Impervious,TRUE,TRUE,FALSE,FALSE,FALSE,TRUE,TRUE,FALSE,FALSE,FALSE,FALSE,6/30/2022,4.5+,4.5+,4.5+,3.25,4.5+,4.5+,FALSE
16-ACRU-022,,6/26/2022,TRUE,16,022,Acer,rubrum,ACRU,FALSE,,,,FALSE,FALSE,10.9,,,,,,SFR-D,SP,Mixed - Penetrable & Impervious,TRUE,TRUE,FALSE,FALSE,FALSE,TRUE,TRUE,FALSE,FALSE,FALSE,FALSE,6/30/2022,3.5,1.75,4.5+,3.25,1.75,2.75,FALSE
16-GLTR-023,,6/26/2022,TRUE,16,023,Gleditsia,triacanthos,GLTR,FALSE,,,,FALSE,FALSE,24.9,,,,,,SFR-D,SP,Mixed - Penetrable & Impervious,TRUE,TRUE,FALSE,FALSE,FALSE,TRUE,TRUE,FALSE,FALSE,FALSE,FALSE,6/30/2022,3.75,4.5+,4.5+,4.5+,3,4.5+,FALSE
16-GLTR-024,,6/26/2022,TRUE,16,024,Gleditsia,triacanthos,GLTR,FALSE,,,,FALSE,FALSE,27,,,,,,SFR-D,SP,Mixed - Penetrable & Impervious,TRUE,TRUE,FALSE,FALSE,FALSE,TRUE,TRUE,FALSE,FALSE,FALSE,FALSE,6/30/2022,1,4.5+,4.5+,4.5+,2.75,4.5+,FALSE
16-GLTR-025,,6/26/2022,TRUE,16,025,Gleditsia,triacanthos,GLTR,FALSE,,,,FALSE,FALSE,27,,,,,,MFR,SP,Mixed - Penetrable & Impervious,TRUE,TRUE,FALSE,FALSE,FALSE,TRUE,TRUE,FALSE,FALSE,FALSE,FALSE,6/30/2022,4,3,2.75,3.25,2.5,1,FALSE
16-GLTR-026,,6/26/2022,TRUE,16,026,Gleditsia,triacanthos,GLTR,FALSE,,,,FALSE,FALSE,23.1,,,,,,MFR,SP,Mixed - Penetrable & Impervious,TRUE,TRUE,FALSE,FALSE,FALSE,TRUE,TRUE,FALSE,FALSE,FALSE,FALSE,6/30/2022,3,3.75,4,3.5,4.5,4.5,FALSE
16-GLTR-027,,6/26/2022,TRUE,16,027,Gleditsia,triacanthos,GLTR,FALSE,,,,FALSE,FALSE,26.3,,,,,,MFR,SP,Mixed - Penetrable & Impervious,TRUE,TRUE,FALSE,FALSE,FALSE,TRUE,TRUE,FALSE,FALSE,FALSE,FALSE,6/30/2022,0.75,0.5,2.5,3.75,4.5+,2.5,FALSE
16-GLTR-028,,6/26/2022,TRUE,16,028,Gleditsia,triacanthos,GLTR,FALSE,,,,FALSE,FALSE,25.9,,,,,,MFR,SP,Mixed - Penetrable & Impervious,TRUE,TRUE,FALSE,FALSE,FALSE,TRUE,TRUE,FALSE,FALSE,FALSE,FALSE,6/30/2022,3,4.5+,4.5+,2.75,4.5+,4.5,FALSE
16-GLTR-029,,6/26/2022,TRUE,16,029,Gleditsia,triacanthos,GLTR,FALSE,,,,FALSE,FALSE,22.3,,,,,,MFR,SP,Mixed - Penetrable & Impervious,TRUE,TRUE,FALSE,FALSE,FALSE,TRUE,TRUE,FALSE,FALSE,FALSE,FALSE,6/30/2022,3.25,3.5,2.25,1.1,4.25,4.25,FALSE
16-GLTR-030,,6/26/2022,TRUE,16,030,Gleditsia,triacanthos,GLTR,FALSE,,,,FALSE,FALSE,26,,,,,,SFR-D,SP,Mixed - Penetrable & Impervious,TRUE,TRUE,FALSE,FALSE,FALSE,TRUE,TRUE,FALSE,FALSE,FALSE,FALSE,6/30/2022,3.5,3,1.25,4.5+,1.5,3.5,FALSE
16-GLTR-031,,6/26/2022,TRUE,16,031,Gleditsia,triacanthos,GLTR,FALSE,,,,FALSE,FALSE,28.3,,,,,,SFR-D,SP,Mixed - Penetrable & Impervious,TRUE,TRUE,FALSE,FALSE,FALSE,TRUE,TRUE,FALSE,FALSE,FALSE,FALSE,6/30/2022,1.75,1.75,3.5,3.25,2.5,1.6,FALSE
16-ACPL-032,,6/26/2022,TRUE,16,032,Acer,platanoides,ACPL,FALSE,,,,FALSE,FALSE,15.7,,,,,,SFR-D,SP,Mixed - Penetrable & Impervious,TRUE,TRUE,FALSE,FALSE,FALSE,TRUE,TRUE,FALSE,FALSE,FALSE,FALSE,6/30/2022,2.75,2.5,2.5,2,1.8,4.25,FALSE
16-ACPL-033,,6/26/2022,TRUE,16,033,Acer,platanoides,ACPL,FALSE,,,,FALSE,FALSE,15.2,,,,,,SFR-D,SP,Mixed - Penetrable & Impervious,TRUE,TRUE,FALSE,FALSE,FALSE,TRUE,TRUE,FALSE,FALSE,FALSE,FALSE,6/30/2022,2.25,3.5,4.25,3.3,1.5,1.25,FALSE
16-FRPE-034,,6/26/2022,FALSE,16,034,Fraxinus,pennsylvanica,FRPE,TRUE,"2013,2016","05957,02825",ID from leaf scar,FALSE,FALSE,29.3,3'2'',,,,,MFR,SP,Mixed - Penetrable & Impervious,TRUE,TRUE,FALSE,FALSE,FALSE,TRUE,TRUE,FALSE,FALSE,FALSE,FALSE,6/30/2022,1.25,3.5,3,4.5+,3.75,4.5+,FALSE
16-ACRU-035,,6/26/2022,FALSE,16,035,Acer,rubrum,ACRU,FALSE,,,Resident asked from 1707 city to come remove trees due to fungus falling on their plants,FALSE,FALSE,13.1,,,,,,SFR-D,SP,Mixed - Penetrable & Impervious,TRUE,TRUE,FALSE,FALSE,FALSE,TRUE,TRUE,FALSE,FALSE,FALSE,FALSE,6/30/2022,1.1,0.5,2.75,0.5,0.1,1.25,FALSE
16-ACRU-036,,6/26/2022,FALSE,16,036,Acer,rubrum,ACRU,FALSE,,,Resident asked from 1707 city to come remove trees due to fungus falling on their plants,FALSE,FALSE,13.3,,,,,,SFR-D,SP,Mixed - Penetrable & Impervious,TRUE,TRUE,FALSE,TRUE,FALSE,TRUE,TRUE,FALSE,FALSE,FALSE,FALSE,6/30/2022,0.5,1.4,2,0.75,2,3,FALSE
16-ACRU-037,,6/26/2022,FALSE,16,037,Acer,rubrum,ACRU,FALSE,,,,FALSE,FALSE,16.7,4'5'',,,,,SFR-D,SP,Mixed - Penetrable & Impervious,TRUE,TRUE,FALSE,FALSE,FALSE,TRUE,TRUE,FALSE,FALSE,FALSE,FALSE,6/30/2022,2,4.5+,3.5,4,3.25,4.5+,FALSE
16-PRSE-038,,6/28/2022,TRUE,16,038,Prunus,serrulata,PRSE,FALSE,,,,FALSE,FALSE,5.1,"4'3""",,,,,MFR,SP,Mixed - Penetrable & Impervious,TRUE,TRUE,FALSE,FALSE,FALSE,TRUE,TRUE,FALSE,FALSE,FALSE,FALSE,6/28/2022,1.4,3.25,2,0.9,0.8,2,FALSE
16-ACRU-039,,6/28/2022,TRUE,16,039,Acer,rubrum,ACRU,FALSE,,,,FALSE,FALSE,17.4,,,,,,MFR,SP,Mixed - Penetrable & Impervious,TRUE,TRUE,FALSE,TRUE,FALSE,TRUE,TRUE,TRUE,FALSE,FALSE,FALSE,6/28/2022,1,2.75,4.5,2.8,1.9,1.9,FALSE
16-GLTR-040,,6/28/2022,TRUE,16,040,Gleditsia,triacanthos,GLTR,FALSE,,,,FALSE,FALSE,24.9,,,,,,MFR,SP,Mixed - Penetrable & Impervious,TRUE,TRUE,FALSE,FALSE,FALSE,TRUE,TRUE,FALSE,FALSE,FALSE,FALSE,6/28/2022,1.9,0.5,1,3.5,4.5,3,FALSE
16-GLTR-041,,6/28/2022,TRUE,16,041,Gleditsia,triacanthos,GLTR,FALSE,,,,FALSE,FALSE,25,,,,,,MFR,SP,Mixed - Penetrable & Impervious,TRUE,TRUE,FALSE,FALSE,FALSE,TRUE,TRUE,FALSE,FALSE,FALSE,FALSE,6/28/2022,4.5+,4.5,4.5,4.5+,2,1.1,FALSE
16-GLTR-042,,6/28/2022,TRUE,16,042,Gleditsia,triacanthos,GLTR,FALSE,,,,FALSE,FALSE,21.9,,,,,,MFR,SP,Mixed - Penetrable & Impervious,TRUE,TRUE,FALSE,FALSE,FALSE,TRUE,TRUE,FALSE,FALSE,FALSE,FALSE,6/28/2022,4,2.25,2.1,4.5,4.5+,1.75,FALSE
16-ACRU-043,,6/28/2022,TRUE,16,043,Acer,rubrum,ACRU,FALSE,,,,FALSE,FALSE,15.8,,,,,,MFR,SP,Mixed - Penetrable & Impervious,TRUE,TRUE,FALSE,FALSE,FALSE,TRUE,TRUE,FALSE,FALSE,FALSE,FALSE,6/28/2022,1,2.9,1.25,1.4,3.5,3,FALSE
16-ACRU-044,,6/28/2022,TRUE,16,044,Acer,rubrum,ACRU,FALSE,,,,FALSE,FALSE,19.3,"3'10""",,,,,MFR,SP,Mixed - Penetrable & Impervious,TRUE,TRUE,FALSE,FALSE,FALSE,TRUE,TRUE,FALSE,FALSE,FALSE,FALSE,6/28/2022,2,2.75,4.25,1.3,1.8,4.25,FALSE
16-GLTR-045,,6/28/2022,TRUE,16,045,Gleditsia,triacanthos,GLTR,FALSE,,,,FALSE,FALSE,31,,,,,,MFR,SP,Mixed - Penetrable & Impervious,TRUE,TRUE,FALSE,FALSE,FALSE,TRUE,TRUE,FALSE,FALSE,FALSE,FALSE,6/28/2022,0.6,4.5,3.2,1.75,3.5,4.25,FALSE
16-GLTR-046,,6/28/2022,TRUE,16,046,Gleditsia,triacanthos,GLTR,FALSE,,,,FALSE,FALSE,23.9,,,,,,MFR,SP,Mixed - Penetrable & Impervious,TRUE,TRUE,FALSE,FALSE,FALSE,TRUE,TRUE,FALSE,FALSE,FALSE,FALSE,6/28/2022,2.25,3.2,3.75,4.5+,4.5+,4.25,FALSE
16-ACPL-047,,7/5/2022,TRUE,16,047,Acer,platanoides,ACPL,FALSE,,,,FALSE,FALSE,19.1,,,,,,MFR,SP,Mixed - Penetrable & Impervious,TRUE,TRUE,FALSE,FALSE,FALSE,TRUE,TRUE,FALSE,FALSE,FALSE,FALSE,7/5/2022,1.75,1.6,2.5,1.1,1.25,1,FALSE
16-ACPL-048,,7/5/2022,TRUE,16,048,Acer,platanoides,ACPL,FALSE,,,,FALSE,FALSE,13.9,,,,,,MFR,SP,Mixed - Penetrable & Impervious,TRUE,TRUE,FALSE,FALSE,FALSE,TRUE,TRUE,FALSE,FALSE,FALSE,FALSE,7/5/2022,1.75,2.25,2,1.25,2.25,1.5,FALSE
16-ACPL-049,,7/5/2022,TRUE,16,049,Acer,platanoides,ACPL,FALSE,,,,FALSE,FALSE,14.8,,,,,,MFR,SP,Mixed - Penetrable & Impervious,TRUE,TRUE,FALSE,FALSE,FALSE,TRUE,TRUE,FALSE,FALSE,FALSE,FALSE,7/5/2022,2.6,1,1.25,2.8,1.75,1.75,FALSE
16-ACPL-050,,7/5/2022,TRUE,16,050,Acer,platanoides,ACPL,FALSE,,,,FALSE,FALSE,15.9,,,,,,MFR,SP,Mixed - Penetrable & Impervious,TRUE,TRUE,FALSE,FALSE,FALSE,TRUE,TRUE,FALSE,FALSE,FALSE,FALSE,7/5/2022,1.75,1.8,1.2,2.5,2,2.2,FALSE
16-GLTR-051,,7/5/2022,TRUE,16,051,Gleditsia,triacanthos,GLTR,FALSE,,,,FALSE,FALSE,28,,,,,,MFR,SP,Mixed - Penetrable & Impervious,TRUE,TRUE,FALSE,FALSE,FALSE,TRUE,TRUE,FALSE,FALSE,FALSE,FALSE,7/5/2022,1,0.75,2.25,2.1,0.75,0.9,FALSE
16-GLTR-052,,7/5/2022,TRUE,16,052,Gleditsia,triacanthos,GLTR,FALSE,,,,FALSE,FALSE,23.1,,,,,,MFR,SP,Mixed - Penetrable & Impervious,TRUE,TRUE,FALSE,FALSE,FALSE,TRUE,TRUE,FALSE,FALSE,FALSE,FALSE,7/5/2022,1.4,1.2,1.5,1.2,1.5,2.25,FALSE
16-ACPL-053,,7/5/2022,TRUE,16,053,Acer,platanoides,ACPL,FALSE,,,,FALSE,FALSE,13.2,,,,,,MFR,SP,Mixed - Penetrable & Impervious,TRUE,TRUE,FALSE,TRUE,TRUE,TRUE,TRUE,FALSE,FALSE,FALSE,FALSE,7/5/2022,0.9,1.25,2,2.1,0.75,0.5,FALSE
16-ACPL-054,,7/5/2022,TRUE,16,054,Acer,platanoides,ACPL,FALSE,,,,FALSE,FALSE,12.6,,,,,,MFR,SP,Mixed - Penetrable & Impervious,TRUE,TRUE,FALSE,FALSE,FALSE,TRUE,TRUE,FALSE,FALSE,FALSE,FALSE,7/5/2022,1.75,1.25,2.2,1.9,2.2,2,FALSE
16-FRPE-055,,7/5/2022,TRUE,16,055,Fraxinus,pennsylvanica,FRPE,TRUE,7/8/1905,9/30/1907,,FALSE,FALSE,27.6,,,,,,MFR,SP,Mixed - Penetrable & Impervious,TRUE,TRUE,FALSE,FALSE,FALSE,TRUE,TRUE,FALSE,FALSE,FALSE,FALSE,7/5/2022,2.4,1.25,4.5,1.9,1.25,1.25,FALSE
16-ACPL-056,,7/5/2022,TRUE,16,056,Acer,platanoides,ACPL,FALSE,,,,FALSE,FALSE,17.8,,,,,,MFR,SP,Mixed - Penetrable & Impervious,TRUE,TRUE,FALSE,FALSE,FALSE,TRUE,TRUE,FALSE,FALSE,FALSE,FALSE,7/5/2022,2.5,1.4,2.25,1.3,2.25,1.9,FALSE
16-ACRU-057,,7/5/2022,TRUE,16,057,Acer,rubrum,ACRU,FALSE,,,,FALSE,FALSE,19,,,,,,MFR,SP,Mixed - Penetrable & Impervious,TRUE,TRUE,FALSE,FALSE,FALSE,TRUE,TRUE,FALSE,FALSE,FALSE,FALSE,7/5/2022,1.75,2.75,1.6,1.25,2.5,2,FALSE
16-ACPL-058,,7/5/2022,TRUE,16,058,Acer,platanoides,ACPL,FALSE,,,,FALSE,FALSE,13.7,,,,,,MFR,SP,Mixed - Penetrable & Impervious,TRUE,TRUE,FALSE,FALSE,FALSE,TRUE,FALSE,FALSE,FALSE,FALSE,FALSE,7/5/2022,2.75,1.75,1.6,3.4,4.25,1.25,FALSE
16-BENI-059,,7/5/2022,TRUE,16,059,Betula,nigra,BENI,FALSE,,,,FALSE,FALSE,16.9,,,,,,MFR,SP,Mixed - Penetrable & Impervious,TRUE,TRUE,FALSE,FALSE,FALSE,TRUE,TRUE,FALSE,FALSE,FALSE,FALSE,7/5/2022,3.25,1.6,2.7,3.25,1.25,2.75,FALSE
16-FRPE-060,,7/5/2022,TRUE,16,060,Fraxinus,pennsylvanica,FRPE,TRUE,"2013, 2016","0589, 02831",,FALSE,FALSE,25.1,,,,,,MFR,SP,Mixed - Penetrable & Impervious,TRUE,TRUE,FALSE,FALSE,FALSE,TRUE,TRUE,FALSE,FALSE,FALSE,FALSE,7/5/2022,1.75,0.2,2.25,1.7,2.75,0.6,FALSE
16-ACPL-061,,7/5/2022,TRUE,16,061,Acer,platanoides,ACPL,FALSE,,,,FALSE,FALSE,23.5,,,,,,MFR,SP,Mixed - Penetrable & Impervious,TRUE,TRUE,FALSE,FALSE,FALSE,TRUE,TRUE,FALSE,FALSE,FALSE,FALSE,7/5/2022,2.75,1.5,2.25,1.5,1.6,1.5,FALSE
16-FRPE-062,,7/5/2022,TRUE,16,062,Fraxinus,pennsylvanica,FRPE,TRUE,7/8/1905,2/16/1913,,FALSE,FALSE,20.8,,,,,,MFR,SP,Mixed - Penetrable & Impervious,TRUE,TRUE,FALSE,FALSE,FALSE,TRUE,TRUE,FALSE,FALSE,FALSE,FALSE,7/5/2022,1.8,2.5,2.4,2.25,2.2,1,FALSE
16-ACPL-063,,7/5/2022,TRUE,16,063,Acer,platanoides,ACPL,FALSE,,,,FALSE,FALSE,19.9,,,,,,MFR,SP,Mixed - Penetrable & Impervious,TRUE,TRUE,FALSE,FALSE,FALSE,TRUE,TRUE,FALSE,FALSE,FALSE,FALSE,7/5/2022,1,1.2,1.75,2.4,0.8,1.75,FALSE
16-TICO-064,,7/5/2022,TRUE,16,064,Tilia,cordata,TICO,FALSE,,,,FALSE,FALSE,24.3,,,,,,MFR,SP,Mixed - Penetrable & Impervious,TRUE,TRUE,FALSE,FALSE,FALSE,TRUE,TRUE,FALSE,FALSE,FALSE,FALSE,7/5/2022,2,2.25,1,1.75,1.75,1.75,FALSE
16-ACRU-065,,7/5/2022,TRUE,16,065,Acer,rubrum,ACRU,FALSE,,,,FALSE,FALSE,15,,,,,,MFR,SP,Mixed - Penetrable & Impervious,TRUE,TRUE,FALSE,FALSE,FALSE,TRUE,TRUE,FALSE,FALSE,FALSE,FALSE,7/5/2022,1.75,2,2.25,3.2,1.7,2.5,FALSE
16-ACPL-066,,7/5/2022,TRUE,16,066,Acer,platanoides,ACPL,FALSE,,,,FALSE,FALSE,15,,,,,,MFR,SP,Mixed - Penetrable & Impervious,TRUE,TRUE,FALSE,FALSE,FALSE,TRUE,TRUE,FALSE,FALSE,FALSE,FALSE,7/5/2022,1,2.2,0.25,2.75,2.7,2.1,FALSE
16-ACXF-067,,7/5/2022,TRUE,16,067,Acer,x freemanii,ACXF,FALSE,,,,FALSE,FALSE,12.7,,,,,,MFR,SP,Mixed - Penetrable & Impervious,TRUE,TRUE,FALSE,FALSE,FALSE,TRUE,TRUE,FALSE,FALSE,FALSE,FALSE,7/5/2022,2.25,1.6,2.75,1.75,2.5,2,FALSE
16-ACRU-068,,7/5/2022,TRUE,16,068,Acer,rubrum,ACRU,FALSE,,,,FALSE,FALSE,14.3,,,,,,MFR,SP,Mixed - Penetrable & Impervious,TRUE,TRUE,FALSE,FALSE,FALSE,TRUE,TRUE,FALSE,FALSE,FALSE,FALSE,7/5/2022,1.25,1.6,1.2,1.5,4.5+,1.25,FALSE
16-ACRU-069,,7/5/2022,TRUE,16,069,Acer,rubrum,ACRU,FALSE,,,,FALSE,FALSE,13,,,,,,MFR,SP,Mixed - Penetrable & Impervious,TRUE,TRUE,FALSE,FALSE,FALSE,TRUE,TRUE,FALSE,FALSE,FALSE,FALSE,7/5/2022,2.5,4.25,3.4,2.75,4.5,4.5,FALSE
16-ACPL-070,,7/5/2022,TRUE,16,070,Acer,platanoides,ACPL,FALSE,,,,FALSE,FALSE,15,,,,,,MFR,SP,Mixed - Penetrable & Impervious,TRUE,TRUE,FALSE,FALSE,FALSE,TRUE,TRUE,FALSE,FALSE,FALSE,FALSE,7/5/2022,3.25,0.9,3.9,1.4,1.8,2.25,FALSE
16-ACPL-071,,7/5/2022,TRUE,16,071,Acer,platanoides,ACPL,FALSE,,,,FALSE,FALSE,17.5,,,,,,MFR,SP,Mixed - Penetrable & Impervious,TRUE,TRUE,FALSE,FALSE,FALSE,TRUE,TRUE,FALSE,FALSE,FALSE,FALSE,7/5/2022,2.5,2,1.7,1.1,1.7,1.8,FALSE
16-ACPL-072,,7/5/2022,TRUE,16,072,Acer,platanoides,ACPL,FALSE,,,,FALSE,FALSE,20.1,,,,,,MFR,SP,Mixed - Penetrable & Impervious,TRUE,TRUE,FALSE,FALSE,FALSE,TRUE,TRUE,FALSE,FALSE,FALSE,FALSE,7/5/2022,2.2,2.2,2.5,2.3,1.75,1.6,FALSE
16-ACPL-073,,7/5/2022,TRUE,16,073,Acer,platanoides,ACPL,FALSE,,,,FALSE,FALSE,17.6,,,,,,MFR,SP,Mixed - Penetrable & Impervious,TRUE,TRUE,FALSE,TRUE,FALSE,TRUE,TRUE,FALSE,FALSE,FALSE,FALSE,7/5/2022,2.1,1,0.7,2,1.9,1.4,FALSE
16-GLTR-074,,7/5/2022,TRUE,16,074,Gleditsia,triacanthos,GLTR,FALSE,,,,FALSE,FALSE,30.1,,,,,,MFR,SP,Mixed - Penetrable & Impervious,TRUE,TRUE,FALSE,FALSE,FALSE,TRUE,TRUE,FALSE,FALSE,FALSE,FALSE,7/5/2022,1.15,0.75,0.75,1.75,1.9,1.75,FALSE
16-FRUN-075,,7/5/2022,TRUE,16,075,Fraxinus,unknown,FRUN,TRUE,"2013, 2016","05891, 02829","Thinking green ash, pretty dang sure ",TRUE,FALSE,35.4,,,,,,MFR,SP,Mixed - Penetrable & Impervious,TRUE,TRUE,FALSE,FALSE,FALSE,TRUE,TRUE,FALSE,FALSE,FALSE,FALSE,7/5/2022,0.5,1.75,1.75,2.75,2,2.9,FALSE
16-ACRU-076,,7/5/2022,TRUE,16,076,Acer,rubrum,ACRU,FALSE,,,,FALSE,FALSE,14.9,,,,,,MFR,SP,Mixed - Penetrable & Impervious,TRUE,TRUE,FALSE,FALSE,FALSE,TRUE,TRUE,FALSE,FALSE,FALSE,FALSE,7/5/2022,1.5,2.9,1.4,4.25,1.75,1.9,FALSE
16-ACPL-077,,7/5/2022,TRUE,16,077,Acer,platanoides,ACPL,FALSE,,,,FALSE,FALSE,12.9,,,,,,MFR,SP,Mixed - Penetrable & Impervious,TRUE,TRUE,FALSE,FALSE,FALSE,TRUE,TRUE,FALSE,FALSE,FALSE,FALSE,7/5/2022,2,1.9,1.8,2.25,2.25,2.25,FALSE
16-ACPL-078,,7/5/2022,TRUE,16,078,Acer,platanoides,ACPL,FALSE,,,,FALSE,FALSE,12,,,,,,MFR,SP,Mixed - Penetrable & Impervious,TRUE,TRUE,FALSE,FALSE,FALSE,TRUE,TRUE,FALSE,FALSE,FALSE,FALSE,7/5/2022,1.7,1.25,2.2,2,1.75,1.5,FALSE
16-ACSA-079,,7/5/2022,TRUE,16,079,Acer,saccharinum,ACSA,FALSE,,,,FALSE,FALSE,27.7,"2'2""",,,,,MFR,SP,Mixed - Penetrable & Impervious,TRUE,TRUE,FALSE,FALSE,FALSE,TRUE,TRUE,FALSE,FALSE,FALSE,FALSE,7/5/2022,2.4,1.6,1.75,2,2.6,2.2,FALSE
16-ACPL-080,,7/5/2022,TRUE,16,080,Acer,platanoides,ACPL,FALSE,,,,FALSE,FALSE,17,,,,,,MFR,SP,Mixed - Penetrable & Impervious,TRUE,TRUE,FALSE,FALSE,FALSE,TRUE,TRUE,FALSE,FALSE,FALSE,FALSE,7/5/2022,1.25,2.5,2.3,2.3,1.2,2.2,FALSE
16-ACRU-081,,7/5/2022,TRUE,16,081,Acer,rubrum,ACRU,FALSE,,,,FALSE,FALSE,16.4,,,,,,MFR,SP,Mixed - Penetrable & Impervious,TRUE,TRUE,FALSE,FALSE,FALSE,TRUE,TRUE,FALSE,FALSE,FALSE,FALSE,7/5/2022,1.25,1.5,2.25,4.5,2.15,3.25,FALSE
16-ACPL-082,,7/5/2022,TRUE,16,082,Acer,platanoides,ACPL,FALSE,,,,FALSE,FALSE,14.4,,,,,,MFR,SP,Mixed - Penetrable & Impervious,TRUE,TRUE,FALSE,FALSE,FALSE,TRUE,TRUE,FALSE,FALSE,FALSE,FALSE,7/5/2022,2,3,2.75,2.5,2.3,1.8,FALSE
16-FRUN-083,,7/5/2022,TRUE,16,083,Fraxinus,unknown,FRUN,FALSE,,,"Same as 75, no visible tree tag",TRUE,FALSE,27.9,,,,,,MFR,SP,Mixed - Penetrable & Impervious,TRUE,TRUE,FALSE,FALSE,FALSE,TRUE,TRUE,FALSE,FALSE,FALSE,FALSE,7/5/2022,1.5,1.8,0.8,1.75,1.5,2.75,FALSE
16-ACPL-084,,7/5/2022,TRUE,16,084,Acer,platanoides,ACPL,FALSE,,,,FALSE,FALSE,18.2,,,,,,MFR,SP,Mixed - Penetrable & Impervious,TRUE,TRUE,FALSE,FALSE,FALSE,TRUE,TRUE,FALSE,FALSE,FALSE,FALSE,7/5/2022,3.9,2,2.25,3.75,1.6,1.4,FALSE
16-ACPL-085,,7/5/2022,TRUE,16,085,Acer,platanoides,ACPL,FALSE,,,,FALSE,FALSE,17.7,,,,,,MFR,SP,Mixed - Penetrable & Impervious,TRUE,TRUE,FALSE,FALSE,FALSE,TRUE,TRUE,FALSE,FALSE,FALSE,FALSE,7/5/2022,3.75,0.9,3.25,3,4.5,1.5,FALSE
16-ACRU-086,,7/5/2022,TRUE,16,086,Acer,rubrum,ACRU,FALSE,,,,FALSE,FALSE,19,,,,,,MFR,SP,Mixed - Penetrable & Impervious,TRUE,TRUE,FALSE,FALSE,FALSE,TRUE,TRUE,FALSE,FALSE,FALSE,FALSE,7/5/2022,3.25,3.8,3,3.25,3,2,FALSE
16-GLTR-087,,7/5/2022,TRUE,16,087,Gleditsia,triacanthos,GLTR,FALSE,,,,FALSE,FALSE,26.6,,,,,,MFR,SP,Mixed - Penetrable & Impervious,TRUE,TRUE,FALSE,FALSE,FALSE,TRUE,TRUE,FALSE,FALSE,FALSE,FALSE,7/5/2022,1.75,1.25,1.6,1.7,1.2,2,FALSE
16-ACPL-088,,7/5/2022,TRUE,16,088,Acer,platanoides,ACPL,FALSE,,,,FALSE,FALSE,16.6,,,,,,MFR,SP,Mixed - Penetrable & Impervious,TRUE,TRUE,FALSE,FALSE,FALSE,TRUE,TRUE,FALSE,FALSE,FALSE,FALSE,7/5/2022,1.7,1.4,3.5,1.5,2.75,2.8,FALSE
16-ACPL-089,,7/5/2022,TRUE,16,089,Acer,platanoides,ACPL,FALSE,,,,FALSE,FALSE,20.6,,,,,,MFR,SP,Mixed - Penetrable & Impervious,TRUE,TRUE,FALSE,FALSE,FALSE,TRUE,TRUE,FALSE,FALSE,FALSE,FALSE,7/5/2022,2.2,1.9,2.4,2.6,1.5,1.2,FALSE