"","Segment","PermitIssueDate","PermitType"
"1","H21","9/25/2015 0:00","Reno_Alt_add"
"2","H21","6/9/2015 0:00","Reno_Alt_add"
"3","H21","9/19/2018 0:00","Reno_Alt_add"
"4","H21","8/8/2019 0:00","Reno_Alt_add"
"5","H21","11/8/2017 0:00","Reno_Alt_add"
"6","H21","11/14/2014 0:00","Reno_Alt_add"
"7","K18","1/2/2018 0:00","Reno_Alt_add"
"8","K18","4/13/2015 0:00","Reno_Alt_add"
"9","K18","5/11/2015 0:00","Reno_Alt_add"
"10","K18","9/11/2020 0:00","Reno_Alt_add"
"11","K18","7/11/2008 0:00","Demo"
"12","K18","12/31/2008 0:00","NewConst"
"13","K18","5/18/2021 0:00","Reno_Alt_add"
"14","K18","2/1/2023 0:00","Reno_Alt_add"
"15","K18","9/6/2016 0:00","Reno_Alt_add"
"16","K18","12/1/2020 0:00","Reno_Alt_add"
"17","K18","4/13/2022 0:00","Reno_Alt_add"
"18","K18","5/29/2013 0:00","Reno_Alt_add"
"19","K18","3/18/2014 0:00","Reno_Alt_add"
"20","K18","3/18/2014 0:00","Reno_Alt_add"
"21","K18","3/18/2014 0:00","Reno_Alt_add"
"22","K18","7/3/2019 0:00","Reno_Alt_add"
"23","K18","11/18/2014 0:00","Reno_Alt_add"
"24","K18","3/10/2021 0:00","NewConst"
"25","M19","10/13/2021 0:00","NewConst"
"26","M19","1/25/2023 0:00","Reno_Alt_add"
"27","M19","7/13/2023 0:00","Reno_Alt_add"
"28","M19","5/27/2022 0:00","Reno_Alt_add"
"29","M19","2/1/2012 0:00","Reno_Alt_add"
"30","M19","4/27/2021 0:00","Reno_Alt_add"
"31","M19","3/13/2008 0:00","Reno_Alt_add"
"32","M19","3/13/2008 0:00","Reno_Alt_add"
"33","M19","10/20/2016 0:00","Reno_Alt_add"
"34","M19","5/28/2021 0:00","Reno_Alt_add"
"35","M19","4/23/2019 0:00","Reno_Alt_add"
"36","M19","7/10/2020 0:00","Demo"
"37","M19","5/17/2022 0:00","Reno_Alt_add"
"38","M19","2/11/2019 0:00","Reno_Alt_add"
"39","M19","7/7/2016 0:00","Reno_Alt_add"
"40","M19","6/26/2018 0:00","Reno_Alt_add"
"41","M19","11/8/2022 0:00","Demo"
"42","M19","10/21/2022 0:00","Reno_Alt_add"
"43","M19","10/5/2015 0:00","Reno_Alt_add"
"44","M19","11/2/2018 0:00","Reno_Alt_add"
"45","M19","11/7/2018 0:00","Reno_Alt_add"
"46","M19","6/15/2018 0:00","Reno_Alt_add"
"47","M19","8/30/2018 0:00","Reno_Alt_add"
"48","M19","8/31/2018 0:00","Reno_Alt_add"
"49","M19","2/12/2019 0:00","Reno_Alt_add"
"50","M19","11/13/2018 0:00","Reno_Alt_add"
"51","M19","11/13/2018 0:00","Reno_Alt_add"
"52","M19","2/6/2019 0:00","Reno_Alt_add"
"53","M19","5/20/2016 0:00","Reno_Alt_add"
"54","M19","4/15/2019 0:00","Reno_Alt_add"
"55","M19","12/22/2020 0:00","Reno_Alt_add"
"56","M19","6/13/2014 0:00","Reno_Alt_add"
"57","M19","7/30/2017 0:00","Reno_Alt_add"
"58","M19","4/5/2010 0:00","Reno_Alt_add"
"59","M19","12/4/2012 0:00","Reno_Alt_add"
"60","M19","9/5/2013 0:00","Reno_Alt_add"
"61","M19","7/20/2015 0:00","Reno_Alt_add"
"62","M19","2/9/2017 0:00","Reno_Alt_add"
"63","M19","11/2/2020 0:00","Reno_Alt_add"
"64","M19","4/23/2021 0:00","Reno_Alt_add"
"65","M19","1/18/2022 0:00","Reno_Alt_add"
"66","M19","8/24/2021 0:00","Reno_Alt_add"
"67","M19","8/17/2021 0:00","Reno_Alt_add"
"68","M19","6/26/2023 0:00","Reno_Alt_add"
"69","M19","1/8/2013 0:00","Reno_Alt_add"
"70","M19","11/2/2015 0:00","Reno_Alt_add"
"71","M19","12/11/2020 0:00","Reno_Alt_add"
"72","M19","6/29/2021 0:00","Reno_Alt_add"
"73","M19","5/20/2022 0:00","Reno_Alt_add"
"74","M22","3/23/2022 0:00","Reno_Alt_add"
"75","M22","7/8/2016 0:00","Reno_Alt_add"
"76","M22","4/6/2022 0:00","Reno_Alt_add"
"77","M22","4/4/2018 0:00","NewConst"
"78","M22","7/7/2021 0:00","Reno_Alt_add"
"79","M22","3/4/2021 0:00","Reno_Alt_add"
"80","M22","8/24/2023 0:00","NewConst"
"81","M22","8/31/2023 0:00","NewConst"
"82","N14","12/11/2017 0:00","Reno_Alt_add"
"83","N14","1/26/2022 0:00","Reno_Alt_add"
"84","N14","10/11/2016 0:00","Reno_Alt_add"
"85","N14","12/15/2020 0:00","Reno_Alt_add"
"86","N14","11/27/2018 0:00","Reno_Alt_add"
"87","N14","7/29/2011 0:00","Reno_Alt_add"
"88","N14","2/20/2013 0:00","Reno_Alt_add"
"89","N14","12/22/2016 0:00","Reno_Alt_add"
"90","N14","2/17/2023 0:00","Reno_Alt_add"
"91","N14","12/8/2022 0:00","Reno_Alt_add"
"92","N14","8/3/2011 0:00","Reno_Alt_add"
"93","N14","9/8/2021 0:00","Reno_Alt_add"
"94","N14","2/8/2021 0:00","Reno_Alt_add"
"95","O18","10/5/2015 0:00","Demo"
"96","O18","6/2/2023 0:00","Demo"
"97","O18","8/1/2013 0:00","Reno_Alt_add"
"98","O18","1/30/2017 0:00","Reno_Alt_add"
"99","O18","11/7/2019 0:00","Reno_Alt_add"
"100","O18","12/30/2019 0:00","Reno_Alt_add"
"101","O18","10/26/2007 0:00","Reno_Alt_add"
"102","O18","10/26/2007 0:00","Reno_Alt_add"
"103","O18","11/1/2007 0:00","Reno_Alt_add"
"104","O18","11/29/2007 0:00","Reno_Alt_add"
"105","O18","1/23/2008 0:00","Reno_Alt_add"
"106","O18","1/7/2008 0:00","Reno_Alt_add"
"107","O18","1/4/2008 0:00","Reno_Alt_add"
"108","O18","1/8/2008 0:00","Reno_Alt_add"
"109","O18","12/18/2007 0:00","Reno_Alt_add"
"110","O18","1/11/2008 0:00","Reno_Alt_add"
"111","O18","1/29/2008 0:00","Reno_Alt_add"
"112","O18","1/25/2008 0:00","Reno_Alt_add"
"113","O18","1/14/2008 0:00","Reno_Alt_add"
"114","O18","2/8/2008 0:00","Reno_Alt_add"
"115","O18","2/21/2008 0:00","Reno_Alt_add"
"116","O18","2/14/2008 0:00","Reno_Alt_add"
"117","O18","1/17/2008 0:00","Reno_Alt_add"
"118","O18","1/25/2008 0:00","Reno_Alt_add"
"119","O18","3/14/2008 0:00","Reno_Alt_add"
"120","O18","6/2/2008 0:00","Reno_Alt_add"
"121","O18","4/24/2008 0:00","Reno_Alt_add"
"122","O18","4/25/2008 0:00","Reno_Alt_add"
"123","O18","6/11/2008 0:00","Reno_Alt_add"
"124","O18","3/31/2008 0:00","Reno_Alt_add"
"125","O18","5/7/2008 0:00","Reno_Alt_add"
"126","O18","5/13/2008 0:00","Reno_Alt_add"
"127","O18","4/30/2008 0:00","Reno_Alt_add"
"128","O18","5/20/2008 0:00","Reno_Alt_add"
"129","O18","4/8/2008 0:00","Reno_Alt_add"
"130","O18","4/1/2008 0:00","Reno_Alt_add"
"131","O18","4/7/2008 0:00","Reno_Alt_add"
"132","O18","5/28/2008 0:00","Reno_Alt_add"
"133","O18","6/2/2008 0:00","Reno_Alt_add"
"134","O18","5/9/2008 0:00","Reno_Alt_add"
"135","O18","7/16/2008 0:00","Reno_Alt_add"
"136","O18","6/9/2008 0:00","Reno_Alt_add"
"137","O18","5/14/2008 0:00","Reno_Alt_add"
"138","O18","5/30/2008 0:00","Reno_Alt_add"
"139","O18","7/14/2008 0:00","Reno_Alt_add"
"140","O18","7/25/2008 0:00","Reno_Alt_add"
"141","O18","5/20/2008 0:00","NewConst"
"142","O18","5/15/2008 0:00","Reno_Alt_add"
"143","O18","7/22/2008 0:00","Reno_Alt_add"
"144","O18","8/5/2008 0:00","Reno_Alt_add"
"145","O18","7/15/2008 0:00","Reno_Alt_add"
"146","O18","8/4/2008 0:00","Reno_Alt_add"
"147","O18","7/25/2008 0:00","NewConst"
"148","O18","8/20/2008 0:00","Reno_Alt_add"
"149","O18","8/20/2008 0:00","Reno_Alt_add"
"150","O18","6/16/2008 0:00","Reno_Alt_add"
"151","O18","8/20/2008 0:00","Reno_Alt_add"
"152","O18","8/7/2008 0:00","Reno_Alt_add"
"153","O18","8/18/2008 0:00","Reno_Alt_add"
"154","O18","7/23/2008 0:00","Reno_Alt_add"
"155","O18","7/1/2008 0:00","Reno_Alt_add"
"156","O18","9/9/2008 0:00","Reno_Alt_add"
"157","O18","11/3/2008 0:00","Reno_Alt_add"
"158","O18","7/19/2008 0:00","Reno_Alt_add"
"159","O18","10/31/2008 0:00","Reno_Alt_add"
"160","O18","9/25/2008 0:00","Reno_Alt_add"
"161","O18","8/1/2008 0:00","Reno_Alt_add"
"162","O18","12/1/2008 0:00","NewConst"
"163","O18","12/9/2008 0:00","Reno_Alt_add"
"164","O18","8/19/2008 0:00","Reno_Alt_add"
"165","O18","12/10/2007 0:00","Reno_Alt_add"
"166","O18","11/19/2007 0:00","Reno_Alt_add"
"167","O18","12/21/2007 0:00","Reno_Alt_add"
"168","O18","12/18/2007 0:00","Reno_Alt_add"
"169","O18","12/17/2007 0:00","Reno_Alt_add"
"170","O18","4/1/2008 0:00","Reno_Alt_add"
"171","O18","4/28/2008 0:00","Reno_Alt_add"
"172","O18","4/30/2008 0:00","Reno_Alt_add"
"173","O18","5/15/2008 0:00","Reno_Alt_add"
"174","O18","5/15/2008 0:00","Reno_Alt_add"
"175","O18","7/3/2008 0:00","Reno_Alt_add"
"176","O18","6/20/2008 0:00","Reno_Alt_add"
"177","O18","8/20/2008 0:00","Reno_Alt_add"
"178","O18","10/20/2008 0:00","Reno_Alt_add"
"179","O18","6/2/2009 0:00","NewConst"
"180","O18","10/20/2008 0:00","Reno_Alt_add"
"181","O18","1/9/2009 0:00","Reno_Alt_add"
"182","O18","1/14/2009 0:00","Reno_Alt_add"
"183","O18","1/26/2009 0:00","Reno_Alt_add"
"184","O18","12/12/2008 0:00","Reno_Alt_add"
"185","O18","1/14/2009 0:00","Reno_Alt_add"
"186","O18","3/5/2009 0:00","Reno_Alt_add"
"187","O18","3/4/2009 0:00","Reno_Alt_add"
"188","O18","3/13/2009 0:00","NewConst"
"189","O18","6/1/2009 0:00","Reno_Alt_add"
"190","O18","6/5/2009 0:00","Reno_Alt_add"
"191","O18","4/27/2009 0:00","Reno_Alt_add"
"192","O18","6/23/2009 0:00","Reno_Alt_add"
"193","O18","7/27/2009 0:00","Reno_Alt_add"
"194","O18","7/22/2009 0:00","Reno_Alt_add"
"195","O18","12/29/2009 0:00","Reno_Alt_add"
"196","O18","1/27/2009 0:00","Reno_Alt_add"
"197","O18","5/10/2010 0:00","Reno_Alt_add"
"198","O18","2/10/2010 0:00","Reno_Alt_add"
"199","O18","3/10/2009 0:00","Reno_Alt_add"
"200","O18","3/3/2009 0:00","Reno_Alt_add"
"201","O18","11/10/2009 0:00","Reno_Alt_add"
"202","O18","5/25/2010 0:00","Reno_Alt_add"
"203","O18","6/8/2010 0:00","Reno_Alt_add"
"204","O18","5/20/2009 0:00","Reno_Alt_add"
"205","O18","5/11/2009 0:00","Demo"
"206","O18","12/29/2009 0:00","Reno_Alt_add"
"207","O18","6/24/2009 0:00","Reno_Alt_add"
"208","O18","4/15/2010 0:00","Reno_Alt_add"
"209","O18","8/20/2009 0:00","Reno_Alt_add"
"210","O18","6/29/2009 0:00","Reno_Alt_add"
"211","O18","8/25/2010 0:00","Reno_Alt_add"
"212","O18","3/9/2010 0:00","Reno_Alt_add"
"213","O18","10/7/2009 0:00","Reno_Alt_add"
"214","O18","8/18/2009 0:00","Reno_Alt_add"
"215","O18","8/13/2010 0:00","Reno_Alt_add"
"216","O18","11/15/2010 0:00","Reno_Alt_add"
"217","O18","11/3/2009 0:00","Reno_Alt_add"
"218","O18","5/3/2010 0:00","Reno_Alt_add"
"219","O18","11/4/2010 0:00","Reno_Alt_add"
"220","O18","1/4/2010 0:00","Reno_Alt_add"
"221","O18","12/13/2010 0:00","Reno_Alt_add"
"222","O18","12/17/2010 0:00","Reno_Alt_add"
"223","O18","2/8/2011 0:00","Reno_Alt_add"
"224","O18","6/30/2010 0:00","Reno_Alt_add"
"225","O18","6/24/2010 0:00","Demo"
"226","O18","3/12/2010 0:00","Reno_Alt_add"
"227","O18","8/20/2010 0:00","NewConst"
"228","O18","4/9/2010 0:00","Reno_Alt_add"
"229","O18","7/26/2010 0:00","Reno_Alt_add"
"230","O18","1/7/2011 0:00","Reno_Alt_add"
"231","O18","8/2/2010 0:00","Reno_Alt_add"
"232","O18","4/7/2010 0:00","Reno_Alt_add"
"233","O18","4/1/2010 0:00","Reno_Alt_add"
"234","O18","6/10/2010 0:00","Reno_Alt_add"
"235","O18","3/15/2011 0:00","Reno_Alt_add"
"236","O18","2/21/2011 0:00","Reno_Alt_add"
"237","O18","8/13/2010 0:00","Reno_Alt_add"
"238","O18","10/26/2010 0:00","Reno_Alt_add"
"239","O18","3/25/2011 0:00","Reno_Alt_add"
"240","O18","7/8/2010 0:00","Reno_Alt_add"
"241","O18","11/5/2010 0:00","Reno_Alt_add"
"242","O18","8/31/2010 0:00","Reno_Alt_add"
"243","O18","9/28/2010 0:00","Reno_Alt_add"
"244","O18","9/14/2010 0:00","Reno_Alt_add"
"245","O18","5/17/2011 0:00","Reno_Alt_add"
"246","O18","2/10/2011 0:00","Reno_Alt_add"
"247","O18","12/9/2010 0:00","Reno_Alt_add"
"248","O18","1/7/2011 0:00","Reno_Alt_add"
"249","O18","5/10/2011 0:00","Reno_Alt_add"
"250","O18","5/20/2011 0:00","Reno_Alt_add"
"251","O18","2/2/2011 0:00","Reno_Alt_add"
"252","O18","3/25/2011 0:00","Reno_Alt_add"
"253","O18","10/22/2010 0:00","Reno_Alt_add"
"254","O18","4/18/2011 0:00","Reno_Alt_add"
"255","O18","11/22/2010 0:00","Reno_Alt_add"
"256","O18","7/7/2011 0:00","Reno_Alt_add"
"257","O18","5/20/2011 0:00","Reno_Alt_add"
"258","O18","7/27/2011 0:00","Reno_Alt_add"
"259","O18","9/14/2011 0:00","Reno_Alt_add"
"260","O18","6/8/2011 0:00","Reno_Alt_add"
"261","O18","8/29/2011 0:00","Reno_Alt_add"
"262","O18","6/30/2011 0:00","Reno_Alt_add"
"263","O18","6/17/2011 0:00","Reno_Alt_add"
"264","O18","9/16/2011 0:00","Reno_Alt_add"
"265","O18","10/10/2011 0:00","Reno_Alt_add"
"266","O18","7/15/2011 0:00","Reno_Alt_add"
"267","O18","8/5/2011 0:00","Reno_Alt_add"
"268","O18","10/27/2011 0:00","Reno_Alt_add"
"269","O18","2/9/2011 0:00","NewConst"
"270","O18","2/8/2012 0:00","Reno_Alt_add"
"271","O18","9/26/2011 0:00","Reno_Alt_add"
"272","O18","2/3/2011 0:00","Reno_Alt_add"
"273","O18","2/21/2012 0:00","Reno_Alt_add"
"274","O18","2/16/2011 0:00","Reno_Alt_add"
"275","O18","2/22/2012 0:00","Reno_Alt_add"
"276","O18","1/19/2012 0:00","Reno_Alt_add"
"277","O18","1/10/2012 0:00","Reno_Alt_add"
"278","O18","2/3/2012 0:00","Reno_Alt_add"
"279","O18","1/26/2012 0:00","Reno_Alt_add"
"280","O18","2/23/2011 0:00","Reno_Alt_add"
"281","O18","3/2/2011 0:00","Reno_Alt_add"
"282","O18","2/28/2012 0:00","Reno_Alt_add"
"283","O18","3/2/2012 0:00","Reno_Alt_add"
"284","O18","3/20/2012 0:00","Reno_Alt_add"
"285","O18","5/17/2012 0:00","Reno_Alt_add"
"286","O18","4/1/2011 0:00","Reno_Alt_add"
"287","O18","5/25/2012 0:00","Reno_Alt_add"
"288","O18","6/1/2012 0:00","Reno_Alt_add"
"289","O18","5/21/2012 0:00","Reno_Alt_add"
"290","O18","5/21/2012 0:00","Reno_Alt_add"
"291","O18","5/31/2012 0:00","Reno_Alt_add"
"292","O18","6/25/2012 0:00","Reno_Alt_add"
"293","O18","6/13/2012 0:00","Reno_Alt_add"
"294","O18","6/14/2012 0:00","Reno_Alt_add"
"295","O18","7/17/2012 0:00","Reno_Alt_add"
"296","O18","11/16/2012 0:00","Reno_Alt_add"
"297","O18","6/1/2011 0:00","Reno_Alt_add"
"298","O18","7/19/2012 0:00","Reno_Alt_add"
"299","O18","10/10/2012 0:00","NewConst"
"300","O18","8/3/2012 0:00","Reno_Alt_add"
"301","O18","8/6/2012 0:00","Reno_Alt_add"
"302","O18","8/21/2012 0:00","Reno_Alt_add"
"303","O18","5/23/2011 0:00","Reno_Alt_add"
"304","O18","11/14/2012 0:00","Reno_Alt_add"
"305","O18","10/30/2012 0:00","Reno_Alt_add"
"306","O18","10/30/2012 0:00","Reno_Alt_add"
"307","O18","11/21/2012 0:00","Reno_Alt_add"
"308","O18","10/10/2012 0:00","Reno_Alt_add"
"309","O18","6/8/2011 0:00","Reno_Alt_add"
"310","O18","11/27/2012 0:00","Reno_Alt_add"
"311","O18","9/14/2012 0:00","Reno_Alt_add"
"312","O18","10/5/2012 0:00","Reno_Alt_add"
"313","O18","1/11/2013 0:00","Reno_Alt_add"
"314","O18","1/3/2013 0:00","Reno_Alt_add"
"315","O18","5/1/2013 0:00","Reno_Alt_add"
"316","O18","10/29/2012 0:00","Reno_Alt_add"
"317","O18","7/14/2011 0:00","Reno_Alt_add"
"318","O18","11/30/2012 0:00","Reno_Alt_add"
"319","O18","3/19/2013 0:00","Reno_Alt_add"
"320","O18","12/18/2012 0:00","Reno_Alt_add"
"321","O18","1/9/2013 0:00","Reno_Alt_add"
"322","O18","8/19/2011 0:00","Reno_Alt_add"
"323","O18","2/1/2013 0:00","Reno_Alt_add"
"324","O18","2/14/2013 0:00","Reno_Alt_add"
"325","O18","4/22/2014 0:00","Reno_Alt_add"
"326","O18","6/7/2013 0:00","Reno_Alt_add"
"327","O18","4/9/2013 0:00","Reno_Alt_add"
"328","O18","5/2/2013 0:00","Reno_Alt_add"
"329","O18","9/23/2011 0:00","Reno_Alt_add"
"330","O18","5/7/2013 0:00","Reno_Alt_add"
"331","O18","4/30/2013 0:00","Reno_Alt_add"
"332","O18","4/29/2013 0:00","Reno_Alt_add"
"333","O18","3/15/2013 0:00","Reno_Alt_add"
"334","O18","4/29/2013 0:00","Reno_Alt_add"
"335","O18","4/5/2012 0:00","Reno_Alt_add"
"336","O18","11/4/2011 0:00","Reno_Alt_add"
"337","O18","4/3/2013 0:00","Reno_Alt_add"
"338","O18","6/20/2013 0:00","Reno_Alt_add"
"339","O18","4/15/2013 0:00","Reno_Alt_add"
"340","O18","6/30/2013 0:00","Reno_Alt_add"
"341","O18","7/11/2013 0:00","Reno_Alt_add"
"342","O18","7/11/2013 0:00","Reno_Alt_add"
"343","O18","6/28/2013 0:00","Reno_Alt_add"
"344","O18","7/5/2013 0:00","Reno_Alt_add"
"345","O18","2/21/2012 0:00","Reno_Alt_add"
"346","O18","7/26/2013 0:00","NewConst"
"347","O18","5/2/2013 0:00","Reno_Alt_add"
"348","O18","8/8/2013 0:00","Reno_Alt_add"
"349","O18","6/17/2013 0:00","Reno_Alt_add"
"350","O18","9/3/2013 0:00","Reno_Alt_add"
"351","O18","5/6/2013 0:00","Reno_Alt_add"
"352","O18","3/20/2012 0:00","Reno_Alt_add"
"353","O18","5/23/2013 0:00","Reno_Alt_add"
"354","O18","9/17/2012 0:00","NewConst"
"355","O18","4/19/2012 0:00","Reno_Alt_add"
"356","O18","6/11/2013 0:00","Reno_Alt_add"
"357","O18","4/20/2012 0:00","Reno_Alt_add"
"358","O18","6/28/2013 0:00","Reno_Alt_add"
"359","O18","5/16/2012 0:00","Reno_Alt_add"
"360","O18","11/29/2013 0:00","Reno_Alt_add"
"361","O18","6/27/2013 0:00","Reno_Alt_add"
"362","O18","7/17/2012 0:00","Reno_Alt_add"
"363","O18","7/26/2013 0:00","NewConst"
"364","O18","11/5/2013 0:00","Reno_Alt_add"
"365","O18","8/9/2012 0:00","Reno_Alt_add"
"366","O18","8/15/2012 0:00","Reno_Alt_add"
"367","O18","3/14/2014 0:00","NewConst"
"368","O18","2/11/2014 0:00","Reno_Alt_add"
"369","O18","10/1/2013 0:00","Reno_Alt_add"
"370","O18","2/27/2014 0:00","Reno_Alt_add"
"371","O18","10/16/2013 0:00","Reno_Alt_add"
"372","O18","4/21/2014 0:00","Reno_Alt_add"
"373","O18","10/17/2012 0:00","Reno_Alt_add"
"374","O18","11/22/2013 0:00","Reno_Alt_add"
"375","O18","11/7/2013 0:00","Reno_Alt_add"
"376","O18","2/6/2014 0:00","Reno_Alt_add"
"377","O18","4/2/2014 0:00","Reno_Alt_add"
"378","O18","12/16/2013 0:00","Reno_Alt_add"
"379","O18","5/6/2014 0:00","Reno_Alt_add"
"380","O18","5/8/2014 0:00","Reno_Alt_add"
"381","O18","4/29/2014 0:00","Reno_Alt_add"
"382","O18","5/28/2014 0:00","Reno_Alt_add"
"383","O18","11/25/2012 0:00","Reno_Alt_add"
"384","O18","6/20/2014 0:00","Reno_Alt_add"
"385","O18","1/17/2014 0:00","Reno_Alt_add"
"386","O18","5/1/2013 0:00","Reno_Alt_add"
"387","O18","6/27/2014 0:00","Reno_Alt_add"
"388","O18","6/26/2014 0:00","Reno_Alt_add"
"389","O18","12/31/2012 0:00","Reno_Alt_add"
"390","O18","7/11/2014 0:00","Reno_Alt_add"
"391","O18","7/24/2014 0:00","Reno_Alt_add"
"392","O18","2/21/2014 0:00","Reno_Alt_add"
"393","O18","1/30/2013 0:00","Reno_Alt_add"
"394","O18","1/29/2013 0:00","Reno_Alt_add"
"395","O18","3/24/2013 0:00","Reno_Alt_add"
"396","O18","3/24/2013 0:00","Reno_Alt_add"
"397","O18","5/2/2014 0:00","Reno_Alt_add"
"398","O18","4/16/2014 0:00","Reno_Alt_add"
"399","O18","5/8/2014 0:00","NewConst"
"400","O18","4/19/2013 0:00","Reno_Alt_add"
"401","O18","9/4/2014 0:00","Reno_Alt_add"
"402","O18","5/8/2014 0:00","NewConst"
"403","O18","5/2/2013 0:00","Reno_Alt_add"
"404","O18","5/13/2014 0:00","Reno_Alt_add"
"405","O18","5/2/2013 0:00","Reno_Alt_add"
"406","O18","6/3/2013 0:00","Reno_Alt_add"
"407","O18","5/20/2013 0:00","Reno_Alt_add"
"408","O18","5/28/2014 0:00","Reno_Alt_add"
"409","O18","6/18/2014 0:00","Reno_Alt_add"
"410","O18","7/24/2014 0:00","Reno_Alt_add"
"411","O18","4/29/2013 0:00","Reno_Alt_add"
"412","O18","7/2/2014 0:00","Reno_Alt_add"
"413","O18","5/20/2013 0:00","Reno_Alt_add"
"414","O18","8/7/2014 0:00","Reno_Alt_add"
"415","O18","6/13/2014 0:00","Reno_Alt_add"
"416","O18","5/29/2013 0:00","Reno_Alt_add"
"417","O18","7/18/2014 0:00","Reno_Alt_add"
"418","O18","7/1/2013 0:00","Reno_Alt_add"
"419","O18","7/1/2013 0:00","Reno_Alt_add"
"420","O18","7/29/2014 0:00","Reno_Alt_add"
"421","O18","11/20/2014 0:00","Reno_Alt_add"
"422","O18","7/26/2013 0:00","NewConst"
"423","O18","8/21/2014 0:00","Reno_Alt_add"
"424","O18","9/3/2014 0:00","Reno_Alt_add"
"425","O18","10/24/2014 0:00","Reno_Alt_add"
"426","O18","10/23/2013 0:00","Reno_Alt_add"
"427","O18","10/8/2014 0:00","Reno_Alt_add"
"428","O18","12/9/2014 0:00","Reno_Alt_add"
"429","O18","9/16/2013 0:00","Reno_Alt_add"
"430","O18","11/13/2014 0:00","Reno_Alt_add"
"431","O18","11/25/2014 0:00","Reno_Alt_add"
"432","O18","12/18/2014 0:00","Reno_Alt_add"
"433","O18","10/23/2014 0:00","Reno_Alt_add"
"434","O18","11/14/2014 0:00","Reno_Alt_add"
"435","O18","12/12/2014 0:00","Reno_Alt_add"
"436","O18","1/22/2015 0:00","Reno_Alt_add"
"437","O18","11/29/2013 0:00","Reno_Alt_add"
"438","O18","3/12/2015 0:00","Reno_Alt_add"
"439","O18","6/4/2015 0:00","NewConst"
"440","O18","1/22/2015 0:00","NewConst"
"441","O18","4/25/2014 0:00","Reno_Alt_add"
"442","O18","2/6/2014 0:00","Reno_Alt_add"
"443","O18","4/14/2014 0:00","Reno_Alt_add"
"444","O18","4/29/2014 0:00","Reno_Alt_add"
"445","O18","6/13/2014 0:00","Reno_Alt_add"
"446","O18","1/29/2016 0:00","Reno_Alt_add"
"447","O18","4/14/2014 0:00","Reno_Alt_add"
"448","O18","4/10/2014 0:00","Reno_Alt_add"
"449","O18","5/18/2015 0:00","Reno_Alt_add"
"450","O18","3/26/2015 0:00","Reno_Alt_add"
"451","O18","5/19/2015 0:00","Reno_Alt_add"
"452","O18","5/19/2015 0:00","Reno_Alt_add"
"453","O18","5/9/2014 0:00","Reno_Alt_add"
"454","O18","5/8/2014 0:00","NewConst"
"455","O18","5/12/2015 0:00","Reno_Alt_add"
"456","O18","5/8/2014 0:00","Reno_Alt_add"
"457","O18","11/19/2015 0:00","Reno_Alt_add"
"458","O18","6/6/2014 0:00","Reno_Alt_add"
"459","O18","3/5/2015 0:00","Reno_Alt_add"
"460","O18","1/7/2016 0:00","Reno_Alt_add"
"461","O18","5/28/2015 0:00","Reno_Alt_add"
"462","O18","5/12/2015 0:00","Reno_Alt_add"
"463","O18","7/8/2014 0:00","Reno_Alt_add"
"464","O18","5/28/2015 0:00","Reno_Alt_add"
"465","O18","6/8/2015 0:00","Reno_Alt_add"
"466","O18","12/30/2015 0:00","Reno_Alt_add"
"467","O18","12/21/2015 0:00","Reno_Alt_add"
"468","O18","8/4/2014 0:00","Reno_Alt_add"
"469","O18","11/1/2014 0:00","Reno_Alt_add"
"470","O18","7/15/2014 0:00","Reno_Alt_add"
"471","O18","6/18/2015 0:00","Reno_Alt_add"
"472","O18","6/18/2015 0:00","Reno_Alt_add"
"473","O18","8/18/2014 0:00","Reno_Alt_add"
"474","O18","9/4/2014 0:00","Reno_Alt_add"
"475","O18","3/8/2015 0:00","Reno_Alt_add"
"476","O18","8/28/2014 0:00","Reno_Alt_add"
"477","O18","4/16/2015 0:00","Reno_Alt_add"
"478","O18","3/23/2015 0:00","Reno_Alt_add"
"479","O18","5/12/2015 0:00","Reno_Alt_add"
"480","O18","7/9/2015 0:00","Reno_Alt_add"
"481","O18","8/2/2015 0:00","Reno_Alt_add"
"482","O18","9/4/2015 0:00","NewConst"
"483","O18","11/3/2014 0:00","Reno_Alt_add"
"484","O18","7/22/2015 0:00","Reno_Alt_add"
"485","O18","10/23/2014 0:00","Reno_Alt_add"
"486","O18","5/12/2015 0:00","Reno_Alt_add"
"487","O18","8/13/2015 0:00","Reno_Alt_add"
"488","O18","2/25/2015 0:00","Reno_Alt_add"
"489","O18","12/16/2014 0:00","Reno_Alt_add"
"490","O18","10/8/2015 0:00","Reno_Alt_add"
"491","O18","10/19/2015 0:00","Reno_Alt_add"
"492","O18","12/31/2014 0:00","Reno_Alt_add"
"493","O18","12/18/2014 0:00","Demo"
"494","O18","9/17/2015 0:00","Reno_Alt_add"
"495","O18","6/16/2015 0:00","Reno_Alt_add"
"496","O18","1/16/2015 0:00","Reno_Alt_add"
"497","O18","7/14/2015 0:00","Reno_Alt_add"
"498","O18","12/28/2015 0:00","Reno_Alt_add"
"499","O18","12/3/2015 0:00","Reno_Alt_add"
"500","O18","12/16/2015 0:00","Reno_Alt_add"
"501","O18","3/29/2016 0:00","Reno_Alt_add"
"502","O18","12/21/2015 0:00","Demo"
"503","O18","1/7/2016 0:00","Reno_Alt_add"
"504","O18","1/7/2016 0:00","Reno_Alt_add"
"505","O18","3/12/2015 0:00","Reno_Alt_add"
"506","O18","3/19/2015 0:00","Reno_Alt_add"
"507","O18","5/12/2015 0:00","Reno_Alt_add"
"508","O18","5/19/2015 0:00","Reno_Alt_add"
"509","O18","5/12/2015 0:00","Reno_Alt_add"
"510","O18","6/30/2015 0:00","Reno_Alt_add"
"511","O18","6/25/2015 0:00","Reno_Alt_add"
"512","O18","5/18/2015 0:00","Reno_Alt_add"
"513","O18","5/5/2015 0:00","Reno_Alt_add"
"514","O18","5/11/2015 0:00","Reno_Alt_add"
"515","O18","5/11/2015 0:00","Reno_Alt_add"
"516","O18","7/30/2015 0:00","Reno_Alt_add"
"517","O18","8/2/2015 0:00","Reno_Alt_add"
"518","O18","7/27/2015 0:00","Reno_Alt_add"
"519","O18","8/10/2015 0:00","Reno_Alt_add"
"520","O18","9/25/2015 0:00","Reno_Alt_add"
"521","O18","9/21/2015 0:00","Reno_Alt_add"
"522","O18","8/24/2015 0:00","Reno_Alt_add"
"523","O18","9/6/2015 0:00","Reno_Alt_add"
"524","O18","10/19/2015 0:00","Reno_Alt_add"
"525","O18","9/4/2015 0:00","Reno_Alt_add"
"526","O18","10/7/2015 0:00","Reno_Alt_add"
"527","O18","10/20/2015 0:00","Reno_Alt_add"
"528","O18","10/29/2015 0:00","Reno_Alt_add"
"529","O18","2/19/2016 0:00","Reno_Alt_add"
"530","O18","3/17/2016 0:00","Reno_Alt_add"
"531","O18","10/7/2015 0:00","Reno_Alt_add"
"532","O18","3/17/2016 0:00","Reno_Alt_add"
"533","O18","9/14/2015 0:00","Reno_Alt_add"
"534","O18","11/12/2015 0:00","Reno_Alt_add"
"535","O18","10/5/2015 0:00","Reno_Alt_add"
"536","O18","11/30/2015 0:00","Reno_Alt_add"
"537","O18","11/9/2015 0:00","Reno_Alt_add"
"538","O18","11/4/2015 0:00","Reno_Alt_add"
"539","O18","5/26/2016 0:00","Reno_Alt_add"
"540","O18","4/27/2016 0:00","Reno_Alt_add"
"541","O18","3/29/2016 0:00","Reno_Alt_add"
"542","O18","6/6/2016 0:00","NewConst"
"543","O18","5/26/2016 0:00","Reno_Alt_add"
"544","O18","5/4/2016 0:00","Reno_Alt_add"
"545","O18","4/19/2016 0:00","Reno_Alt_add"
"546","O18","6/8/2016 0:00","Reno_Alt_add"
"547","O18","5/11/2016 0:00","Reno_Alt_add"
"548","O18","5/10/2016 0:00","Reno_Alt_add"
"549","O18","4/14/2016 0:00","Reno_Alt_add"
"550","O18","5/2/2016 0:00","Reno_Alt_add"
"551","O18","4/14/2016 0:00","Reno_Alt_add"
"552","O18","7/18/2016 0:00","Reno_Alt_add"
"553","O18","7/28/2016 0:00","Reno_Alt_add"
"554","O18","6/10/2016 0:00","Reno_Alt_add"
"555","O18","7/21/2016 0:00","Reno_Alt_add"
"556","O18","7/21/2016 0:00","Reno_Alt_add"
"557","O18","6/20/2016 0:00","Reno_Alt_add"
"558","O18","8/5/2016 0:00","Reno_Alt_add"
"559","O18","8/23/2016 0:00","Reno_Alt_add"
"560","O18","6/23/2016 0:00","Reno_Alt_add"
"561","O18","7/21/2016 0:00","Reno_Alt_add"
"562","O18","7/21/2016 0:00","Reno_Alt_add"
"563","O18","7/22/2016 0:00","Reno_Alt_add"
"564","O18","7/21/2016 0:00","Reno_Alt_add"
"565","O18","7/21/2016 0:00","Reno_Alt_add"
"566","O18","7/14/2016 0:00","Reno_Alt_add"
"567","O18","6/23/2016 0:00","Demo"
"568","O18","12/22/2016 0:00","Reno_Alt_add"
"569","O18","9/1/2016 0:00","Reno_Alt_add"
"570","O18","9/1/2016 0:00","Reno_Alt_add"
"571","O18","10/20/2016 0:00","Reno_Alt_add"
"572","O18","10/26/2016 0:00","Reno_Alt_add"
"573","O18","10/3/2016 0:00","Reno_Alt_add"
"574","O18","9/1/2016 0:00","Reno_Alt_add"
"575","O18","11/28/2016 0:00","Reno_Alt_add"
"576","O18","9/19/2016 0:00","Reno_Alt_add"
"577","O18","1/26/2017 0:00","Reno_Alt_add"
"578","O18","9/27/2016 0:00","Reno_Alt_add"
"579","O18","2/1/2017 0:00","NewConst"
"580","O18","12/12/2016 0:00","Reno_Alt_add"
"581","O18","5/23/2017 0:00","Reno_Alt_add"
"582","O18","7/19/2016 0:00","Reno_Alt_add"
"583","O18","11/9/2016 0:00","Reno_Alt_add"
"584","O18","7/30/2017 0:00","Reno_Alt_add"
"585","O18","4/11/2017 0:00","Reno_Alt_add"
"586","O18","5/12/2017 0:00","Reno_Alt_add"
"587","O18","6/7/2017 0:00","Reno_Alt_add"
"588","O18","12/12/2016 0:00","Reno_Alt_add"
"589","O18","1/12/2017 0:00","Reno_Alt_add"
"590","O18","6/2/2017 0:00","Reno_Alt_add"
"591","O18","9/19/2017 0:00","NewConst"
"592","O18","5/24/2017 0:00","Reno_Alt_add"
"593","O18","6/16/2017 0:00","Reno_Alt_add"
"594","O18","6/6/2017 0:00","Reno_Alt_add"
"595","O18","7/24/2017 0:00","Reno_Alt_add"
"596","O18","8/18/2017 0:00","Reno_Alt_add"
"597","O18","5/23/2017 0:00","Reno_Alt_add"
"598","O18","3/28/2017 0:00","Reno_Alt_add"
"599","O18","4/11/2017 0:00","Reno_Alt_add"
"600","O18","9/6/2017 0:00","Reno_Alt_add"
"601","O18","8/29/2017 0:00","Reno_Alt_add"
"602","O18","8/24/2017 0:00","Reno_Alt_add"
"603","O18","9/28/2017 0:00","Reno_Alt_add"
"604","O18","10/16/2017 0:00","Reno_Alt_add"
"605","O18","10/26/2017 0:00","Reno_Alt_add"
"606","O18","10/19/2017 0:00","Reno_Alt_add"
"607","O18","8/30/2017 0:00","Reno_Alt_add"
"608","O18","7/30/2017 0:00","Reno_Alt_add"
"609","O18","10/18/2017 0:00","NewConst"
"610","O18","10/18/2017 0:00","NewConst"
"611","O18","11/9/2017 0:00","Reno_Alt_add"
"612","O18","9/6/2017 0:00","Reno_Alt_add"
"613","O18","12/13/2017 0:00","Reno_Alt_add"
"614","O18","11/3/2017 0:00","Reno_Alt_add"
"615","O18","8/7/2017 0:00","Reno_Alt_add"
"616","O18","9/1/2017 0:00","Reno_Alt_add"
"617","O18","9/1/2017 0:00","Reno_Alt_add"
"618","O18","9/13/2017 0:00","Reno_Alt_add"
"619","O18","9/19/2017 0:00","Reno_Alt_add"
"620","O18","10/31/2017 0:00","Reno_Alt_add"
"621","O18","10/23/2017 0:00","Reno_Alt_add"
"622","O18","10/26/2017 0:00","Reno_Alt_add"
"623","O18","12/8/2017 0:00","NewConst"
"624","O18","11/1/2017 0:00","Reno_Alt_add"
"625","O18","11/14/2017 0:00","Demo"
"626","O18","3/15/2018 0:00","Reno_Alt_add"
"627","O18","3/27/2018 0:00","Reno_Alt_add"
"628","O18","3/21/2018 0:00","Reno_Alt_add"
"629","O18","6/11/2018 0:00","Reno_Alt_add"
"630","O18","4/16/2018 0:00","Reno_Alt_add"
"631","O18","4/23/2018 0:00","Reno_Alt_add"
"632","O18","6/5/2018 0:00","NewConst"
"633","O18","5/30/2018 0:00","Reno_Alt_add"
"634","O18","5/23/2018 0:00","Reno_Alt_add"
"635","O18","8/23/2018 0:00","Reno_Alt_add"
"636","O18","7/31/2018 0:00","Reno_Alt_add"
"637","O18","8/31/2018 0:00","Reno_Alt_add"
"638","O18","8/29/2018 0:00","Reno_Alt_add"
"639","O18","9/24/2018 0:00","Reno_Alt_add"
"640","O18","10/8/2018 0:00","Reno_Alt_add"
"641","O18","12/19/2017 0:00","Reno_Alt_add"
"642","O18","3/2/2018 0:00","Reno_Alt_add"
"643","O18","12/28/2017 0:00","Reno_Alt_add"
"644","O18","11/9/2018 0:00","Reno_Alt_add"
"645","O18","9/1/2016 0:00","Reno_Alt_add"
"646","O18","11/21/2018 0:00","Reno_Alt_add"
"647","O18","12/13/2018 0:00","Reno_Alt_add"
"648","O18","12/20/2018 0:00","Reno_Alt_add"
"649","O18","4/30/2018 0:00","NewConst"
"650","O18","3/6/2018 0:00","Reno_Alt_add"
"651","O18","4/27/2018 0:00","Reno_Alt_add"
"652","O18","3/2/2018 0:00","Reno_Alt_add"
"653","O18","1/30/2017 0:00","Reno_Alt_add"
"654","O18","2/22/2019 0:00","Reno_Alt_add"
"655","O18","5/30/2018 0:00","Reno_Alt_add"
"656","O18","6/4/2018 0:00","Reno_Alt_add"
"657","O18","6/13/2018 0:00","Reno_Alt_add"
"658","O18","3/12/2019 0:00","Reno_Alt_add"
"659","O18","7/8/2019 0:00","Reno_Alt_add"
"660","O18","4/2/2019 0:00","Reno_Alt_add"
"661","O18","6/5/2018 0:00","Reno_Alt_add"
"662","O18","10/19/2016 0:00","Reno_Alt_add"
"663","O18","4/17/2019 0:00","Reno_Alt_add"
"664","O18","4/9/2019 0:00","Reno_Alt_add"
"665","O18","11/23/2016 0:00","Reno_Alt_add"
"666","O18","6/5/2018 0:00","Reno_Alt_add"
"667","O18","6/18/2018 0:00","NewConst"
"668","O18","6/5/2018 0:00","Reno_Alt_add"
"669","O18","7/16/2018 0:00","Reno_Alt_add"
"670","O18","4/26/2019 0:00","Reno_Alt_add"
"671","O18","7/12/2018 0:00","Reno_Alt_add"
"672","O18","6/20/2018 0:00","Reno_Alt_add"
"673","O18","7/6/2018 0:00","Reno_Alt_add"
"674","O18","5/29/2019 0:00","Reno_Alt_add"
"675","O18","10/1/2019 0:00","Reno_Alt_add"
"676","O18","8/10/2018 0:00","Reno_Alt_add"
"677","O18","8/29/2019 0:00","Reno_Alt_add"
"678","O18","7/31/2019 0:00","Reno_Alt_add"
"679","O18","7/17/2019 0:00","Reno_Alt_add"
"680","O18","8/7/2019 0:00","Reno_Alt_add"
"681","O18","8/1/2019 0:00","Demo"
"682","O18","12/13/2016 0:00","Reno_Alt_add"
"683","O18","9/23/2019 0:00","Reno_Alt_add"
"684","O18","3/24/2017 0:00","Reno_Alt_add"
"685","O18","1/2/2017 0:00","Reno_Alt_add"
"686","O18","9/25/2018 0:00","Reno_Alt_add"
"687","O18","10/24/2019 0:00","Demo"
"688","O18","10/16/2018 0:00","Reno_Alt_add"
"689","O18","3/24/2017 0:00","NewConst"
"690","O18","2/16/2017 0:00","Reno_Alt_add"
"691","O18","10/15/2019 0:00","Reno_Alt_add"
"692","O18","3/2/2017 0:00","Reno_Alt_add"
"693","O18","3/2/2017 0:00","Reno_Alt_add"
"694","O18","3/16/2017 0:00","Reno_Alt_add"
"695","O18","6/12/2017 0:00","Reno_Alt_add"
"696","O18","11/25/2019 0:00","Reno_Alt_add"
"697","O18","5/2/2017 0:00","Reno_Alt_add"
"698","O18","5/26/2017 0:00","Reno_Alt_add"
"699","O18","1/22/2020 0:00","Reno_Alt_add"
"700","O18","1/3/2020 0:00","Reno_Alt_add"
"701","O18","6/2/2017 0:00","Reno_Alt_add"
"702","O18","5/20/2021 0:00","Reno_Alt_add"
"703","O18","3/23/2020 0:00","Reno_Alt_add"
"704","O18","7/18/2017 0:00","Reno_Alt_add"
"705","O18","2/19/2020 0:00","Reno_Alt_add"
"706","O18","2/18/2020 0:00","Reno_Alt_add"
"707","O18","7/30/2017 0:00","Reno_Alt_add"
"708","O18","3/20/2020 0:00","Reno_Alt_add"
"709","O18","5/2/2019 0:00","Reno_Alt_add"
"710","O18","3/15/2019 0:00","Reno_Alt_add"
"711","O18","9/14/2017 0:00","Reno_Alt_add"
"712","O18","8/24/2017 0:00","Reno_Alt_add"
"713","O18","3/3/2020 0:00","Reno_Alt_add"
"714","O18","3/24/2020 0:00","Reno_Alt_add"
"715","O18","3/18/2020 0:00","Reno_Alt_add"
"716","O18","6/11/2020 0:00","Reno_Alt_add"
"717","O18","9/1/2017 0:00","Reno_Alt_add"
"718","O18","4/10/2019 0:00","Reno_Alt_add"
"719","O18","10/25/2017 0:00","Reno_Alt_add"
"720","O18","6/25/2019 0:00","Reno_Alt_add"
"721","O18","6/7/2019 0:00","Reno_Alt_add"
"722","O18","12/8/2017 0:00","NewConst"
"723","O18","11/28/2017 0:00","Reno_Alt_add"
"724","O18","1/29/2018 0:00","Reno_Alt_add"
"725","O18","11/2/2017 0:00","Reno_Alt_add"
"726","O18","6/10/2019 0:00","Reno_Alt_add"
"727","O18","6/10/2019 0:00","Reno_Alt_add"
"728","O18","6/14/2019 0:00","Reno_Alt_add"
"729","O18","6/4/2019 0:00","Reno_Alt_add"
"730","O18","6/24/2019 0:00","Reno_Alt_add"
"731","O18","5/21/2020 0:00","Reno_Alt_add"
"732","O18","11/23/2017 0:00","Reno_Alt_add"
"733","O18","6/28/2019 0:00","Reno_Alt_add"
"734","O18","12/21/2017 0:00","Reno_Alt_add"
"735","O18","7/9/2019 0:00","Reno_Alt_add"
"736","O18","8/20/2019 0:00","Reno_Alt_add"
"737","O18","3/12/2018 0:00","NewConst"
"738","O18","7/30/2019 0:00","Reno_Alt_add"
"739","O18","8/1/2019 0:00","Reno_Alt_add"
"740","O18","2/7/2018 0:00","Reno_Alt_add"
"741","O18","9/26/2019 0:00","Reno_Alt_add"
"742","O18","8/7/2020 0:00","Reno_Alt_add"
"743","O18","9/13/2019 0:00","Reno_Alt_add"
"744","O18","10/16/2019 0:00","Reno_Alt_add"
"745","O18","3/23/2018 0:00","Reno_Alt_add"
"746","O18","3/27/2018 0:00","Reno_Alt_add"
"747","O18","4/26/2018 0:00","Reno_Alt_add"
"748","O18","12/5/2019 0:00","Reno_Alt_add"
"749","O18","11/26/2019 0:00","Reno_Alt_add"
"750","O18","9/19/2018 0:00","Reno_Alt_add"
"751","O18","5/30/2018 0:00","Reno_Alt_add"
"752","O18","5/10/2018 0:00","Reno_Alt_add"
"753","O18","6/21/2018 0:00","Reno_Alt_add"
"754","O18","9/21/2018 0:00","Reno_Alt_add"
"755","O18","6/29/2018 0:00","Reno_Alt_add"
"756","O18","11/13/2020 0:00","Reno_Alt_add"
"757","O18","7/5/2018 0:00","Reno_Alt_add"
"758","O18","3/30/2020 0:00","Reno_Alt_add"
"759","O18","5/7/2020 0:00","Reno_Alt_add"
"760","O18","8/24/2018 0:00","Reno_Alt_add"
"761","O18","9/10/2018 0:00","Reno_Alt_add"
"762","O18","8/13/2018 0:00","Reno_Alt_add"
"763","O18","5/7/2020 0:00","Reno_Alt_add"
"764","O18","1/22/2021 0:00","Reno_Alt_add"
"765","O18","5/27/2020 0:00","Reno_Alt_add"
"766","O18","6/10/2020 0:00","Reno_Alt_add"
"767","O18","9/28/2018 0:00","Reno_Alt_add"
"768","O18","7/30/2020 0:00","Reno_Alt_add"
"769","O18","1/11/2019 0:00","Reno_Alt_add"
"770","O18","11/15/2018 0:00","Reno_Alt_add"
"771","O18","12/11/2018 0:00","Reno_Alt_add"
"772","O18","8/11/2020 0:00","Reno_Alt_add"
"773","O18","4/20/2021 0:00","Reno_Alt_add"
"774","O18","1/11/2019 0:00","Reno_Alt_add"
"775","O18","5/19/2021 0:00","Reno_Alt_add"
"776","O18","2/4/2019 0:00","Reno_Alt_add"
"777","O18","11/18/2020 0:00","Reno_Alt_add"
"778","O18","3/25/2019 0:00","Reno_Alt_add"
"779","O18","3/5/2019 0:00","Reno_Alt_add"
"780","O18","3/15/2019 0:00","Reno_Alt_add"
"781","O18","3/12/2019 0:00","Reno_Alt_add"
"782","O18","12/4/2020 0:00","Reno_Alt_add"
"783","O18","4/5/2019 0:00","Reno_Alt_add"
"784","O18","4/18/2019 0:00","Reno_Alt_add"
"785","O18","5/7/2019 0:00","Reno_Alt_add"
"786","O18","7/15/2021 0:00","Reno_Alt_add"
"787","O18","6/19/2019 0:00","Reno_Alt_add"
"788","O18","9/26/2019 0:00","Reno_Alt_add"
"789","O18","8/14/2019 0:00","NewConst"
"790","O18","8/25/2021 0:00","Reno_Alt_add"
"791","O18","11/7/2019 0:00","Reno_Alt_add"
"792","O18","9/12/2019 0:00","Reno_Alt_add"
"793","O18","10/13/2021 0:00","Reno_Alt_add"
"794","O18","10/17/2019 0:00","Reno_Alt_add"
"795","O18","10/15/2019 0:00","Reno_Alt_add"
"796","O18","10/21/2019 0:00","Reno_Alt_add"
"797","O18","10/14/2021 0:00","Reno_Alt_add"
"798","O18","5/19/2021 0:00","Reno_Alt_add"
"799","O18","11/8/2021 0:00","Reno_Alt_add"
"800","O18","5/26/2021 0:00","Reno_Alt_add"
"801","O18","2/14/2020 0:00","Reno_Alt_add"
"802","O18","6/10/2021 0:00","Reno_Alt_add"
"803","O18","4/6/2020 0:00","Reno_Alt_add"
"804","O18","4/13/2022 0:00","Reno_Alt_add"
"805","O18","4/2/2020 0:00","Reno_Alt_add"
"806","O18","3/14/2022 0:00","Reno_Alt_add"
"807","O18","5/27/2020 0:00","Reno_Alt_add"
"808","O18","6/11/2020 0:00","Reno_Alt_add"
"809","O18","7/1/2020 0:00","Reno_Alt_add"
"810","O18","10/21/2021 0:00","Reno_Alt_add"
"811","O18","11/2/2021 0:00","Reno_Alt_add"
"812","O18","12/2/2020 0:00","Reno_Alt_add"
"813","O18","12/23/2021 0:00","Reno_Alt_add"
"814","O18","12/30/2021 0:00","Reno_Alt_add"
"815","O18","2/16/2022 0:00","Reno_Alt_add"
"816","O18","12/14/2020 0:00","Reno_Alt_add"
"817","O18","12/3/2020 0:00","Reno_Alt_add"
"818","O18","12/17/2020 0:00","Reno_Alt_add"
"819","O18","1/25/2022 0:00","Reno_Alt_add"
"820","O18","5/27/2022 0:00","Reno_Alt_add"
"821","O18","3/1/2021 0:00","NewConst"
"822","O18","2/17/2021 0:00","Reno_Alt_add"
"823","O18","5/9/2022 0:00","Reno_Alt_add"
"824","O18","4/22/2022 0:00","Reno_Alt_add"
"825","O18","10/4/2022 0:00","Reno_Alt_add"
"826","O18","5/12/2022 0:00","Reno_Alt_add"
"827","O18","4/27/2021 0:00","Reno_Alt_add"
"828","O18","5/3/2021 0:00","Reno_Alt_add"
"829","O18","6/22/2022 0:00","Reno_Alt_add"
"830","O18","5/6/2021 0:00","Reno_Alt_add"
"831","O18","7/11/2022 0:00","Reno_Alt_add"
"832","O18","9/2/2022 0:00","Reno_Alt_add"
"833","O18","7/6/2021 0:00","Reno_Alt_add"
"834","O18","8/24/2021 0:00","NewConst"
"835","O18","8/20/2021 0:00","Reno_Alt_add"
"836","O18","10/26/2022 0:00","Reno_Alt_add"
"837","O18","10/14/2021 0:00","Reno_Alt_add"
"838","O18","11/14/2022 0:00","Reno_Alt_add"
"839","O18","11/14/2022 0:00","Reno_Alt_add"
"840","O18","10/5/2021 0:00","Reno_Alt_add"
"841","O18","10/18/2021 0:00","Reno_Alt_add"
"842","O18","11/3/2022 0:00","Reno_Alt_add"
"843","O18","1/13/2022 0:00","Reno_Alt_add"
"844","O18","11/18/2022 0:00","Reno_Alt_add"
"845","O18","6/13/2023 0:00","Reno_Alt_add"
"846","O18","2/17/2022 0:00","Reno_Alt_add"
"847","O18","2/24/2022 0:00","Reno_Alt_add"
"848","O18","3/9/2022 0:00","Reno_Alt_add"
"849","O18","5/25/2023 0:00","Reno_Alt_add"
"850","O18","5/12/2023 0:00","Reno_Alt_add"
"851","O18","6/26/2023 0:00","Reno_Alt_add"
"852","O18","8/17/2022 0:00","Reno_Alt_add"
"853","O18","1/17/2023 0:00","Reno_Alt_add"
"854","O18","4/13/2023 0:00","Reno_Alt_add"
"855","O18","7/29/2022 0:00","Reno_Alt_add"
"856","O18","8/10/2022 0:00","Reno_Alt_add"
"857","O18","9/18/2023 0:00","Reno_Alt_add"
"858","O18","10/6/2023 0:00","Reno_Alt_add"
"859","O18","2/15/2023 0:00","Reno_Alt_add"
"860","O18","10/16/2023 0:00","Reno_Alt_add"
"861","O18","11/14/2022 0:00","Reno_Alt_add"
"862","O18","4/11/2023 0:00","Reno_Alt_add"
"863","O18","4/28/2023 0:00","Reno_Alt_add"
"864","O18","7/20/2023 0:00","Reno_Alt_add"
"865","O18","2/23/2023 0:00","Reno_Alt_add"
"866","O18","10/24/2023 0:00","Reno_Alt_add"
"867","O18","3/21/2023 0:00","Reno_Alt_add"
"868","O18","8/30/2023 0:00","Reno_Alt_add"
"869","O18","9/15/2023 0:00","Reno_Alt_add"
"870","O18","4/10/2023 0:00","Reno_Alt_add"
"871","O18","11/1/2023 0:00","Reno_Alt_add"
"872","O18","7/23/2008 0:00","Reno_Alt_add"
"873","O18","7/24/2023 0:00","Reno_Alt_add"
"874","O18","10/16/2023 0:00","Reno_Alt_add"
"875","O18","10/16/2023 0:00","Reno_Alt_add"
"876","O18","12/8/2023 0:00","Reno_Alt_add"
"877","O18","12/20/2023 0:00","Reno_Alt_add"
"878","O18","12/28/2023 0:00","Reno_Alt_add"
"879","O18","1/9/2024 0:00","Reno_Alt_add"
"880","O18","1/18/2024 0:00","Reno_Alt_add"
"881","O18","1/19/2024 0:00","Reno_Alt_add"
"882","O18","8/4/2008 0:00","Reno_Alt_add"
"883","O18","8/20/2008 0:00","Reno_Alt_add"
"884","O18","9/2/2008 0:00","Reno_Alt_add"
"885","O18","9/11/2008 0:00","Reno_Alt_add"
"886","O18","10/31/2008 0:00","NewConst"
"887","O18","10/17/2008 0:00","Reno_Alt_add"
"888","O18","11/24/2008 0:00","Reno_Alt_add"
"889","O18","12/12/2008 0:00","Reno_Alt_add"
"890","O18","12/15/2008 0:00","Reno_Alt_add"
"891","O18","12/22/2008 0:00","Reno_Alt_add"
"892","O18","12/31/2008 0:00","Reno_Alt_add"
"893","O18","4/30/2009 0:00","Reno_Alt_add"
"894","O18","","Reno_Alt_add"
"895","O18","2/6/2009 0:00","Demo"
"896","O18","5/5/2009 0:00","Reno_Alt_add"
"897","O18","3/5/2009 0:00","Reno_Alt_add"
"898","O18","4/24/2009 0:00","Reno_Alt_add"
"899","O18","8/27/2009 0:00","Reno_Alt_add"
"900","O18","6/18/2009 0:00","Reno_Alt_add"
"901","O18","8/18/2009 0:00","Reno_Alt_add"
"902","O18","3/10/2010 0:00","NewConst"
"903","O18","12/23/2009 0:00","Reno_Alt_add"
"904","O18","4/16/2010 0:00","Reno_Alt_add"
"905","O18","4/16/2010 0:00","Reno_Alt_add"
"906","O18","7/20/2010 0:00","Reno_Alt_add"
"907","O18","7/9/2010 0:00","Reno_Alt_add"
"908","O18","8/11/2010 0:00","Reno_Alt_add"
"909","O18","11/12/2010 0:00","Reno_Alt_add"
"910","O18","2/9/2011 0:00","Reno_Alt_add"
"911","O18","3/21/2011 0:00","Reno_Alt_add"
"912","O18","4/8/2011 0:00","Reno_Alt_add"
"913","O18","5/24/2011 0:00","Reno_Alt_add"
"914","O18","7/15/2011 0:00","Reno_Alt_add"
"915","O18","8/19/2011 0:00","Reno_Alt_add"
"916","O18","8/9/2011 0:00","Reno_Alt_add"
"917","O18","9/21/2011 0:00","Reno_Alt_add"
"918","O18","12/22/2011 0:00","Reno_Alt_add"
"919","O18","9/13/2011 0:00","Reno_Alt_add"
"920","O18","9/1/2011 0:00","Reno_Alt_add"
"921","O18","9/27/2011 0:00","Reno_Alt_add"
"922","O18","9/16/2011 0:00","Reno_Alt_add"
"923","O18","10/14/2011 0:00","Reno_Alt_add"
"924","O18","12/8/2011 0:00","Reno_Alt_add"
"925","O18","1/27/2012 0:00","Reno_Alt_add"
"926","O18","1/9/2012 0:00","Reno_Alt_add"
"927","O18","3/14/2012 0:00","Reno_Alt_add"
"928","O18","4/23/2012 0:00","Reno_Alt_add"
"929","O18","3/16/2012 0:00","Reno_Alt_add"
"930","O18","4/9/2012 0:00","Reno_Alt_add"
"931","O18","4/16/2012 0:00","Reno_Alt_add"
"932","O18","5/23/2012 0:00","Reno_Alt_add"
"933","O18","5/29/2012 0:00","Reno_Alt_add"
"934","O18","7/6/2012 0:00","Reno_Alt_add"
"935","O18","7/6/2012 0:00","Reno_Alt_add"
"936","O18","6/15/2012 0:00","Reno_Alt_add"
"937","O18","6/19/2012 0:00","Reno_Alt_add"
"938","O18","7/23/2012 0:00","Reno_Alt_add"
"939","O18","8/20/2012 0:00","Reno_Alt_add"
"940","O18","8/24/2012 0:00","Reno_Alt_add"
"941","O18","12/13/2012 0:00","Reno_Alt_add"
"942","O18","2/14/2013 0:00","Reno_Alt_add"
"943","O18","12/5/2012 0:00","Reno_Alt_add"
"944","O18","10/25/2013 0:00","Reno_Alt_add"
"945","O18","2/7/2013 0:00","Reno_Alt_add"
"946","O18","6/20/2013 0:00","NewConst"
"947","O18","7/25/2013 0:00","Reno_Alt_add"
"948","O18","6/26/2013 0:00","Reno_Alt_add"
"949","O18","6/27/2013 0:00","Reno_Alt_add"
"950","O18","7/26/2013 0:00","NewConst"
"951","O18","7/26/2013 0:00","NewConst"
"952","O18","8/29/2013 0:00","Reno_Alt_add"
"953","O18","11/8/2013 0:00","Reno_Alt_add"
"954","O18","11/1/2013 0:00","Reno_Alt_add"
"955","O18","12/9/2013 0:00","Reno_Alt_add"
"956","O18","1/22/2014 0:00","Reno_Alt_add"
"957","O18","4/9/2014 0:00","Reno_Alt_add"
"958","O18","7/17/2014 0:00","Reno_Alt_add"
"959","O18","5/9/2014 0:00","Reno_Alt_add"
"960","O18","5/22/2014 0:00","Reno_Alt_add"
"961","O18","5/23/2014 0:00","Reno_Alt_add"
"962","O18","7/31/2014 0:00","Reno_Alt_add"
"963","O18","6/4/2014 0:00","Reno_Alt_add"
"964","O18","7/2/2014 0:00","Reno_Alt_add"
"965","O18","7/15/2014 0:00","Reno_Alt_add"
"966","O18","10/9/2014 0:00","Reno_Alt_add"
"967","O18","11/17/2014 0:00","Reno_Alt_add"
"968","O18","12/9/2014 0:00","Reno_Alt_add"
"969","O18","1/2/2015 0:00","Reno_Alt_add"
"970","O18","2/10/2015 0:00","Reno_Alt_add"
"971","O18","12/3/2014 0:00","Reno_Alt_add"
"972","O18","1/18/2015 0:00","Reno_Alt_add"
"973","O18","4/20/2015 0:00","Reno_Alt_add"
"974","O18","12/15/2015 0:00","Reno_Alt_add"
"975","O18","4/1/2016 0:00","NewConst"
"976","O18","12/21/2015 0:00","Reno_Alt_add"
"977","O18","1/5/2016 0:00","Reno_Alt_add"
"978","O18","3/8/2015 0:00","Reno_Alt_add"
"979","O18","4/24/2015 0:00","Reno_Alt_add"
"980","O18","4/20/2015 0:00","Reno_Alt_add"
"981","O18","8/6/2015 0:00","Reno_Alt_add"
"982","O18","5/12/2015 0:00","Reno_Alt_add"
"983","O18","5/18/2015 0:00","Reno_Alt_add"
"984","O18","6/26/2015 0:00","Reno_Alt_add"
"985","O18","8/20/2015 0:00","Reno_Alt_add"
"986","O18","7/9/2015 0:00","Reno_Alt_add"
"987","O18","7/27/2015 0:00","Reno_Alt_add"
"988","O18","8/10/2015 0:00","Reno_Alt_add"
"989","O18","8/27/2015 0:00","Reno_Alt_add"
"990","O18","9/4/2015 0:00","Reno_Alt_add"
"991","O18","8/31/2015 0:00","Reno_Alt_add"
"992","O18","10/26/2015 0:00","Reno_Alt_add"
"993","O18","9/24/2015 0:00","Reno_Alt_add"
"994","O18","11/2/2015 0:00","Reno_Alt_add"
"995","O18","2/23/2016 0:00","Reno_Alt_add"
"996","O18","5/24/2016 0:00","Reno_Alt_add"
"997","O18","5/25/2016 0:00","Reno_Alt_add"
"998","O18","5/9/2016 0:00","Reno_Alt_add"
"999","O18","5/16/2016 0:00","Reno_Alt_add"
"1000","O18","5/11/2016 0:00","Reno_Alt_add"
"1001","O18","8/2/2016 0:00","Reno_Alt_add"
"1002","O18","6/22/2016 0:00","Reno_Alt_add"
"1003","O18","6/17/2016 0:00","Reno_Alt_add"
"1004","O18","6/27/2016 0:00","Reno_Alt_add"
"1005","O18","6/28/2016 0:00","Reno_Alt_add"
"1006","O18","6/28/2016 0:00","Reno_Alt_add"
"1007","O18","6/28/2016 0:00","NewConst"
"1008","O18","8/29/2016 0:00","Reno_Alt_add"
"1009","O18","11/21/2016 0:00","Reno_Alt_add"
"1010","O18","9/1/2016 0:00","Reno_Alt_add"
"1011","O18","9/1/2016 0:00","Reno_Alt_add"
"1012","O18","9/1/2016 0:00","Reno_Alt_add"
"1013","O18","1/19/2017 0:00","NewConst"
"1014","O18","1/12/2017 0:00","Reno_Alt_add"
"1015","O18","2/16/2017 0:00","Reno_Alt_add"
"1016","O18","3/2/2017 0:00","Reno_Alt_add"
"1017","O18","4/18/2017 0:00","Reno_Alt_add"
"1018","O18","5/16/2017 0:00","Reno_Alt_add"
"1019","O18","5/9/2017 0:00","Reno_Alt_add"
"1020","O18","5/4/2017 0:00","Reno_Alt_add"
"1021","O18","10/6/2017 0:00","Reno_Alt_add"
"1022","O18","5/23/2017 0:00","Reno_Alt_add"
"1023","O18","5/16/2017 0:00","Reno_Alt_add"
"1024","O18","5/16/2017 0:00","Reno_Alt_add"
"1025","O18","6/20/2017 0:00","Reno_Alt_add"
"1026","O18","6/6/2017 0:00","Reno_Alt_add"
"1027","O18","5/23/2017 0:00","Reno_Alt_add"
"1028","O18","6/2/2017 0:00","Reno_Alt_add"
"1029","O18","6/22/2017 0:00","Reno_Alt_add"
"1030","O18","8/28/2017 0:00","Reno_Alt_add"
"1031","O18","6/19/2017 0:00","Reno_Alt_add"
"1032","O18","10/18/2017 0:00","Reno_Alt_add"
"1033","O18","9/14/2017 0:00","Reno_Alt_add"
"1034","O18","10/16/2017 0:00","Reno_Alt_add"
"1035","O18","12/15/2017 0:00","Reno_Alt_add"
"1036","O18","12/18/2017 0:00","Reno_Alt_add"
"1037","O18","2/5/2018 0:00","Reno_Alt_add"
"1038","O18","3/13/2018 0:00","Reno_Alt_add"
"1039","O18","3/28/2018 0:00","Reno_Alt_add"
"1040","O18","5/2/2018 0:00","Reno_Alt_add"
"1041","O18","5/3/2018 0:00","Reno_Alt_add"
"1042","O18","5/21/2018 0:00","NewConst"
"1043","O18","6/7/2018 0:00","Reno_Alt_add"
"1044","O18","7/17/2018 0:00","Reno_Alt_add"
"1045","O18","7/31/2018 0:00","Reno_Alt_add"
"1046","O18","10/8/2018 0:00","Reno_Alt_add"
"1047","O18","10/23/2018 0:00","Reno_Alt_add"
"1048","O18","10/4/2018 0:00","Reno_Alt_add"
"1049","O18","10/9/2018 0:00","Reno_Alt_add"
"1050","O18","10/25/2018 0:00","Reno_Alt_add"
"1051","O18","12/14/2018 0:00","Reno_Alt_add"
"1052","O18","3/26/2019 0:00","Reno_Alt_add"
"1053","O18","1/8/2019 0:00","Reno_Alt_add"
"1054","O18","1/16/2019 0:00","Reno_Alt_add"
"1055","O18","2/4/2019 0:00","Reno_Alt_add"
"1056","O18","3/6/2019 0:00","NewConst"
"1057","O18","3/18/2019 0:00","Reno_Alt_add"
"1058","O18","4/1/2019 0:00","Reno_Alt_add"
"1059","O18","4/17/2019 0:00","Reno_Alt_add"
"1060","O18","5/1/2019 0:00","Reno_Alt_add"
"1061","O18","4/10/2019 0:00","Reno_Alt_add"
"1062","O18","5/28/2019 0:00","Reno_Alt_add"
"1063","O18","7/8/2019 0:00","Reno_Alt_add"
"1064","O18","10/14/2019 0:00","Reno_Alt_add"
"1065","O18","10/2/2019 0:00","Reno_Alt_add"
"1066","O18","10/10/2019 0:00","Reno_Alt_add"
"1067","O18","11/27/2019 0:00","Reno_Alt_add"
"1068","O18","12/13/2019 0:00","Reno_Alt_add"
"1069","O18","12/19/2019 0:00","Reno_Alt_add"
"1070","O18","1/30/2020 0:00","Reno_Alt_add"
"1071","O18","1/30/2020 0:00","Reno_Alt_add"
"1072","O18","1/28/2020 0:00","Reno_Alt_add"
"1073","O18","2/26/2020 0:00","Reno_Alt_add"
"1074","O18","4/29/2020 0:00","Reno_Alt_add"
"1075","O18","4/29/2020 0:00","Reno_Alt_add"
"1076","O18","5/7/2020 0:00","Reno_Alt_add"
"1077","O18","5/21/2020 0:00","Reno_Alt_add"
"1078","O18","7/8/2020 0:00","Reno_Alt_add"
"1079","O18","8/6/2020 0:00","Reno_Alt_add"
"1080","O18","8/21/2020 0:00","Reno_Alt_add"
"1081","O18","12/31/2020 0:00","Reno_Alt_add"
"1082","O18","6/25/2021 0:00","Reno_Alt_add"
"1083","O18","6/14/2021 0:00","Reno_Alt_add"
"1084","O18","8/25/2021 0:00","Reno_Alt_add"
"1085","O18","10/14/2021 0:00","Reno_Alt_add"
"1086","O18","12/29/2021 0:00","Reno_Alt_add"
"1087","O18","1/18/2022 0:00","Reno_Alt_add"
"1088","O18","3/4/2022 0:00","Reno_Alt_add"
"1089","O18","6/7/2022 0:00","NewConst"
"1090","O18","6/14/2022 0:00","Reno_Alt_add"
"1091","O18","7/13/2022 0:00","Reno_Alt_add"
"1092","O18","8/12/2022 0:00","Reno_Alt_add"
"1093","O18","9/21/2022 0:00","Reno_Alt_add"
"1094","O18","10/5/2022 0:00","Reno_Alt_add"
"1095","O18","10/4/2022 0:00","Reno_Alt_add"
"1096","O18","11/15/2022 0:00","Reno_Alt_add"
"1097","O18","3/15/2023 0:00","Reno_Alt_add"
"1098","O18","2/23/2023 0:00","Reno_Alt_add"
"1099","O18","3/21/2023 0:00","Reno_Alt_add"
"1100","O18","3/6/2023 0:00","Reno_Alt_add"
"1101","O18","4/10/2023 0:00","Reno_Alt_add"
"1102","O18","5/12/2023 0:00","Reno_Alt_add"
"1103","O18","6/16/2023 0:00","Reno_Alt_add"
"1104","O18","6/29/2023 0:00","Reno_Alt_add"
"1105","O18","7/11/2023 0:00","Demo"
"1106","O18","8/14/2023 0:00","Reno_Alt_add"
"1107","O18","9/18/2023 0:00","Reno_Alt_add"
"1108","O18","9/19/2023 0:00","Reno_Alt_add"
"1109","O18","10/4/2023 0:00","Reno_Alt_add"
"1110","O18","10/16/2023 0:00","Reno_Alt_add"
"1111","O18","","Reno_Alt_add"
"1112","O18","5/13/2019 0:00","Reno_Alt_add"
"1113","O18","6/20/2018 0:00","Reno_Alt_add"
"1114","O18","2/5/2020 0:00","Reno_Alt_add"
"1115","O18","5/18/2020 0:00","Reno_Alt_add"
"1116","O18","6/7/2022 0:00","NewConst"
"1117","O18","12/1/2022 0:00","Reno_Alt_add"
"1118","O18","6/17/2019 0:00","Reno_Alt_add"
"1119","O18","5/28/2008 0:00","Reno_Alt_add"
"1120","O18","7/27/2009 0:00","Reno_Alt_add"
"1121","O18","1/22/2013 0:00","Reno_Alt_add"
"1122","O18","8/23/2011 0:00","Reno_Alt_add"
"1123","O18","1/26/2012 0:00","Reno_Alt_add"
"1124","O18","2/7/2014 0:00","Reno_Alt_add"
"1125","O18","11/29/2013 0:00","Reno_Alt_add"
"1126","O18","2/21/2015 0:00","Reno_Alt_add"
"1127","O18","2/9/2016 0:00","Reno_Alt_add"
"1128","O18","3/8/2016 0:00","Reno_Alt_add"
"1129","O18","3/27/2017 0:00","Reno_Alt_add"
"1130","O18","11/28/2016 0:00","Reno_Alt_add"
"1131","O18","2/9/2017 0:00","Reno_Alt_add"
"1132","O18","4/10/2017 0:00","Reno_Alt_add"
"1133","O18","6/18/2020 0:00","Reno_Alt_add"
"1134","O18","3/31/2021 0:00","Reno_Alt_add"
"1135","O18","9/13/2022 0:00","Reno_Alt_add"
"1136","O18","4/10/2023 0:00","Reno_Alt_add"
"1137","O18","8/16/2023 0:00","Reno_Alt_add"
"1138","O18","9/15/2023 0:00","Reno_Alt_add"
"1139","O18","8/11/2011 0:00","Reno_Alt_add"
"1140","O18","2/17/2012 0:00","Reno_Alt_add"
"1141","O18","5/23/2016 0:00","Reno_Alt_add"
"1142","O18","7/18/2016 0:00","Reno_Alt_add"
"1143","O18","2/23/2017 0:00","Reno_Alt_add"
"1144","O18","8/4/2017 0:00","Reno_Alt_add"
"1145","O18","1/29/2020 0:00","Reno_Alt_add"
"1146","O18","6/10/2020 0:00","NewConst"
"1147","O19","10/4/2013 0:00","NewConst"
"1148","O19","8/23/2013 0:00","Demo"
"1149","O19","3/14/2012 0:00","Demo"
"1150","O19","3/22/2012 0:00","NewConst"
"1151","O19","9/17/2018 0:00","NewConst"
"1152","O19","9/17/2018 0:00","NewConst"
"1153","O19","7/20/2018 0:00","Demo"
"1154","O19","1/5/2012 0:00","Reno_Alt_add"
"1155","O19","8/21/2014 0:00","Reno_Alt_add"
"1156","O19","2/21/2015 0:00","Reno_Alt_add"
"1157","O19","4/11/2022 0:00","NewConst"
"1158","O19","4/5/2019 0:00","Reno_Alt_add"
"1159","O19","3/23/2010 0:00","Demo"
"1160","O19","1/19/2014 0:00","Reno_Alt_add"
"1161","O19","11/22/2019 0:00","Reno_Alt_add"
"1162","O19","11/12/2009 0:00","Reno_Alt_add"
"1163","O19","3/31/2010 0:00","Reno_Alt_add"
"1164","O19","12/14/2016 0:00","Reno_Alt_add"
"1165","O19","12/6/2018 0:00","Reno_Alt_add"
"1166","O19","5/15/2018 0:00","Reno_Alt_add"
"1167","O19","1/22/2019 0:00","Reno_Alt_add"
"1168","O19","12/15/2020 0:00","Reno_Alt_add"
"1169","O19","1/26/2010 0:00","Reno_Alt_add"
"1170","O19","3/4/2011 0:00","Reno_Alt_add"
"1171","O19","6/24/2014 0:00","Reno_Alt_add"
"1172","O19","4/16/2015 0:00","Reno_Alt_add"
"1173","O19","11/11/2015 0:00","Reno_Alt_add"
"1174","O19","8/14/2014 0:00","Reno_Alt_add"
"1175","O19","8/30/2017 0:00","Reno_Alt_add"
"1176","O19","8/19/2016 0:00","Reno_Alt_add"
"1177","O19","8/19/2016 0:00","Reno_Alt_add"
"1178","O19","4/24/2018 0:00","Reno_Alt_add"
"1179","O19","9/1/2015 0:00","Reno_Alt_add"
"1180","O19","10/8/2020 0:00","Reno_Alt_add"
"1181","O19","1/20/2022 0:00","Reno_Alt_add"
"1182","O19","11/30/2012 0:00","Reno_Alt_add"
"1183","O19","12/4/2013 0:00","Reno_Alt_add"
"1184","O19","8/29/2013 0:00","Reno_Alt_add"
"1185","O19","9/26/2013 0:00","Reno_Alt_add"
"1186","O19","1/31/2014 0:00","Reno_Alt_add"
"1187","O19","4/23/2014 0:00","Reno_Alt_add"
"1188","O19","6/12/2014 0:00","Reno_Alt_add"
"1189","O19","11/7/2013 0:00","Reno_Alt_add"
"1190","O19","12/10/2014 0:00","Reno_Alt_add"
"1191","O19","11/13/2013 0:00","Reno_Alt_add"
"1192","O19","11/9/2016 0:00","Reno_Alt_add"
"1193","O19","2/16/2021 0:00","Reno_Alt_add"
"1194","O19","1/5/2022 0:00","Reno_Alt_add"
"1195","O19","4/4/2013 0:00","Reno_Alt_add"
"1196","O19","9/3/2014 0:00","NewConst"
"1197","O19","11/6/2014 0:00","Reno_Alt_add"
"1198","O19","10/24/2022 0:00","Reno_Alt_add"
"1199","O19","3/1/2019 0:00","Reno_Alt_add"
"1200","O19","8/24/2018 0:00","Reno_Alt_add"
"1201","O19","7/16/2020 0:00","Reno_Alt_add"
"1202","O19","11/2/2022 0:00","Reno_Alt_add"
"1203","O19","3/6/2023 0:00","Reno_Alt_add"
"1204","O19","11/14/2023 0:00","Reno_Alt_add"
"1205","O19","7/27/2016 0:00","Reno_Alt_add"
"1206","O19","10/26/2018 0:00","Reno_Alt_add"
"1207","O19","6/19/2019 0:00","Reno_Alt_add"
"1208","O19","2/20/2012 0:00","NewConst"
"1209","O19","12/2/2011 0:00","Reno_Alt_add"
"1210","O19","12/2/2011 0:00","Reno_Alt_add"
"1211","O19","2/20/2012 0:00","NewConst"
"1212","O19","12/2/2011 0:00","Reno_Alt_add"
"1213","O19","12/2/2011 0:00","Reno_Alt_add"
"1214","O19","2/20/2012 0:00","NewConst"
"1215","O19","2/20/2012 0:00","NewConst"
"1216","O19","2/20/2012 0:00","NewConst"
"1217","O19","2/20/2012 0:00","NewConst"
"1218","O19","2/20/2012 0:00","NewConst"
"1219","O19","12/2/2011 0:00","Reno_Alt_add"
"1220","O19","12/2/2011 0:00","Reno_Alt_add"
"1221","O19","12/2/2011 0:00","Reno_Alt_add"
"1222","O19","6/10/2020 0:00","Reno_Alt_add"
"1223","O19","1/26/2012 0:00","NewConst"
"1224","O19","2/20/2012 0:00","NewConst"
"1225","O19","2/20/2012 0:00","NewConst"
"1226","O19","12/2/2011 0:00","Reno_Alt_add"
"1227","O19","12/2/2011 0:00","Reno_Alt_add"
"1228","O19","12/2/2011 0:00","Reno_Alt_add"
"1229","O19","1/30/2013 0:00","NewConst"
"1230","O19","5/16/2014 0:00","NewConst"
"1231","O19","5/16/2014 0:00","NewConst"
"1232","O19","5/16/2014 0:00","NewConst"
"1233","O19","5/16/2014 0:00","NewConst"
"1234","O19","8/10/2016 0:00","Reno_Alt_add"
"1235","O19","5/12/2017 0:00","Reno_Alt_add"
"1236","O19","2/7/2019 0:00","Reno_Alt_add"
"1237","O19","12/13/2016 0:00","Reno_Alt_add"
"1238","O19","7/20/2020 0:00","Reno_Alt_add"
"1239","O19","1/30/2020 0:00","Reno_Alt_add"
"1240","O19","5/16/2014 0:00","NewConst"
"1241","O19","9/13/2016 0:00","Reno_Alt_add"
"1242","O21","5/3/2019 0:00","NewConst"
"1243","O21","12/20/2018 0:00","Reno_Alt_add"
"1244","O21","7/12/2019 0:00","Reno_Alt_add"
"1245","O21","5/6/2021 0:00","Reno_Alt_add"
"1246","O21","5/4/2021 0:00","Reno_Alt_add"
"1247","O21","6/24/2021 0:00","Reno_Alt_add"
"1248","O21","9/1/2023 0:00","Reno_Alt_add"
"1249","O21","4/16/2012 0:00","Reno_Alt_add"
"1250","O21","12/21/2021 0:00","Reno_Alt_add"
"1251","O21","6/6/2008 0:00","Reno_Alt_add"
"1252","O21","10/16/2013 0:00","Reno_Alt_add"
"1253","O21","5/22/2019 0:00","Reno_Alt_add"
"1254","O21","8/5/2014 0:00","Reno_Alt_add"
"1255","O21","2/23/2018 0:00","Reno_Alt_add"
"1256","O21","","Reno_Alt_add"
"1257","O21","1/14/2013 0:00","Reno_Alt_add"
"1258","O21","6/16/2021 0:00","Reno_Alt_add"
"1259","O21","10/16/2019 0:00","Reno_Alt_add"
"1260","O21","3/24/2023 0:00","Reno_Alt_add"
"1261","O21","6/15/2012 0:00","Reno_Alt_add"
"1262","O21","5/11/2011 0:00","Reno_Alt_add"
"1263","O21","5/21/2012 0:00","Reno_Alt_add"
"1264","O21","8/6/2020 0:00","Reno_Alt_add"
"1265","O21","1/31/2014 0:00","Reno_Alt_add"
"1266","O21","9/27/2022 0:00","Reno_Alt_add"
"1267","O21","1/16/2024 0:00","Reno_Alt_add"
"1268","O21","7/28/2008 0:00","Reno_Alt_add"
"1269","O21","6/14/2016 0:00","Reno_Alt_add"
"1270","O21","12/15/2020 0:00","Reno_Alt_add"
"1271","O21","3/5/2020 0:00","Demo"
"1272","O21","1/3/2019 0:00","Reno_Alt_add"
"1273","O21","10/1/2020 0:00","Reno_Alt_add"
"1274","O21","4/25/2017 0:00","Reno_Alt_add"
"1275","O21","2/20/2019 0:00","Reno_Alt_add"
"1276","O21","3/31/2021 0:00","Reno_Alt_add"
"1277","O21","5/15/2012 0:00","Demo"
"1278","O21","10/13/2016 0:00","Reno_Alt_add"
"1279","O21","6/2/2021 0:00","Reno_Alt_add"
"1280","O21","9/30/2019 0:00","Reno_Alt_add"
"1281","O21","10/10/2023 0:00","Reno_Alt_add"
"1282","O21","3/6/2023 0:00","Reno_Alt_add"
"1283","O21","2/14/2013 0:00","Reno_Alt_add"
"1284","O21","10/29/2015 0:00","Reno_Alt_add"
"1285","O21","7/22/2009 0:00","Reno_Alt_add"
"1286","O21","3/12/2013 0:00","Reno_Alt_add"
"1287","O21","6/22/2021 0:00","Reno_Alt_add"
"1288","O21","7/3/2018 0:00","Reno_Alt_add"
"1289","O21","11/18/2015 0:00","Reno_Alt_add"
"1290","O21","6/16/2010 0:00","Reno_Alt_add"
"1291","O21","9/4/2019 0:00","NewConst"
"1292","O21","10/22/2020 0:00","Reno_Alt_add"
"1293","O21","6/15/2011 0:00","Reno_Alt_add"
"1294","O21","3/28/2017 0:00","Reno_Alt_add"
"1295","O21","3/21/2008 0:00","Reno_Alt_add"
"1296","O21","9/12/2018 0:00","Reno_Alt_add"
"1297","O21","11/24/2021 0:00","Reno_Alt_add"
"1298","O21","2/11/2019 0:00","Reno_Alt_add"
"1299","O21","7/6/2012 0:00","Reno_Alt_add"
"1300","O21","11/3/2014 0:00","Reno_Alt_add"
"1301","O21","9/15/2022 0:00","Reno_Alt_add"
"1302","O21","8/26/2022 0:00","Reno_Alt_add"
"1303","O21","8/19/2022 0:00","Reno_Alt_add"
"1304","O21","3/8/2015 0:00","Reno_Alt_add"
"1305","O21","3/29/2018 0:00","Reno_Alt_add"
"1306","O21","","Reno_Alt_add"
"1307","O21","1/13/2022 0:00","Reno_Alt_add"
"1308","O21","3/25/2011 0:00","Reno_Alt_add"
"1309","O21","6/21/2011 0:00","NewConst"
"1310","O21","7/13/2012 0:00","Reno_Alt_add"
"1311","O21","3/21/2023 0:00","NewConst"
"1312","P21","12/16/2010 0:00","Reno_Alt_add"
"1313","P21","3/2/2016 0:00","Reno_Alt_add"
"1314","P21","4/24/2023 0:00","Reno_Alt_add"
"1315","P21","6/11/2012 0:00","Reno_Alt_add"
"1316","P21","11/30/2015 0:00","Demo"
"1317","P21","11/30/2015 0:00","Demo"
"1318","P21","8/4/2010 0:00","Reno_Alt_add"
"1319","P21","12/8/2015 0:00","Reno_Alt_add"
"1320","P21","9/4/2015 0:00","Reno_Alt_add"
"1321","P21","10/23/2018 0:00","Reno_Alt_add"
"1322","P21","1/14/2010 0:00","Reno_Alt_add"
"1323","P21","10/1/2013 0:00","Reno_Alt_add"
"1324","P21","7/21/2020 0:00","NewConst"
"1325","P21","7/18/2008 0:00","Reno_Alt_add"
"1326","P21","3/28/2008 0:00","Reno_Alt_add"
"1327","P21","8/12/2019 0:00","Reno_Alt_add"
"1328","P21","3/25/2019 0:00","Reno_Alt_add"
"1329","P21","11/14/2023 0:00","Reno_Alt_add"
"1330","P21","8/2/2016 0:00","Reno_Alt_add"
"1331","P21","10/18/2018 0:00","NewConst"
"1332","P21","6/4/2019 0:00","Reno_Alt_add"
"1333","P21","3/1/2023 0:00","Reno_Alt_add"
"1334","Q18","9/14/2023 0:00","Reno_Alt_add"
"1335","Q18","8/13/2009 0:00","Reno_Alt_add"
"1336","Q18","10/9/2019 0:00","Reno_Alt_add"
"1337","Q18","11/9/2016 0:00","Reno_Alt_add"
"1338","Q18","8/6/2014 0:00","Reno_Alt_add"
"1339","Q18","5/9/2012 0:00","Reno_Alt_add"
"1340","Q18","11/3/2014 0:00","Reno_Alt_add"
"1341","Q18","8/1/2023 0:00","Reno_Alt_add"
"1342","Q18","9/25/2018 0:00","Reno_Alt_add"
"1343","Q18","12/1/2016 0:00","Reno_Alt_add"
"1344","Q18","1/8/2024 0:00","Reno_Alt_add"
"1345","Q18","12/6/2023 0:00","NewConst"
"1346","Q18","12/21/2017 0:00","Reno_Alt_add"
"1347","Q18","10/12/2023 0:00","Reno_Alt_add"
"1348","Q18","5/27/2015 0:00","NewConst"
"1349","Q18","8/28/2009 0:00","Reno_Alt_add"
"1350","Q18","9/7/2017 0:00","NewConst"
"1351","Q18","4/8/2021 0:00","Reno_Alt_add"
"1352","Q21","9/3/2009 0:00","Reno_Alt_add"
"1353","Q21","12/20/2012 0:00","Reno_Alt_add"
"1354","Q21","5/7/2013 0:00","Reno_Alt_add"
"1355","Q21","6/1/2015 0:00","Reno_Alt_add"
"1356","Q21","3/4/2020 0:00","Reno_Alt_add"
"1357","Q21","6/18/2019 0:00","Reno_Alt_add"
"1358","Q21","10/14/2019 0:00","Reno_Alt_add"
"1359","Q21","4/22/2021 0:00","Reno_Alt_add"
"1360","Q21","8/15/2013 0:00","Reno_Alt_add"
"1361","Q21","12/22/2014 0:00","Reno_Alt_add"
"1362","Q21","7/1/2022 0:00","Reno_Alt_add"
"1363","Q21","12/20/2011 0:00","Reno_Alt_add"
"1364","Q21","2/28/2014 0:00","Reno_Alt_add"
"1365","Q21","9/8/2009 0:00","Reno_Alt_add"
"1366","Q21","3/22/2017 0:00","Reno_Alt_add"
"1367","Q21","2/25/2009 0:00","Reno_Alt_add"
"1368","Q21","6/14/2012 0:00","Reno_Alt_add"
"1369","Q21","2/20/2008 0:00","Reno_Alt_add"
"1370","Q21","3/31/2008 0:00","Reno_Alt_add"
"1371","Q21","7/31/2009 0:00","Reno_Alt_add"
"1372","Q21","2/20/2012 0:00","Reno_Alt_add"
"1373","Q21","10/21/2015 0:00","Reno_Alt_add"
"1374","Q21","11/14/2018 0:00","Reno_Alt_add"
"1375","Q21","8/14/2018 0:00","Reno_Alt_add"
"1376","Q21","2/20/2008 0:00","Reno_Alt_add"
"1377","Q21","9/8/2021 0:00","Reno_Alt_add"
"1378","Q21","12/6/2021 0:00","Reno_Alt_add"
"1379","Q21","9/19/2011 0:00","Reno_Alt_add"
"1380","Q21","10/7/2009 0:00","Reno_Alt_add"
"1381","Q21","5/9/2014 0:00","Reno_Alt_add"
"1382","Q21","8/21/2009 0:00","Reno_Alt_add"
"1383","Q21","1/25/2016 0:00","Reno_Alt_add"
"1384","Q21","3/15/2015 0:00","Reno_Alt_add"
"1385","Q21","11/15/2016 0:00","Reno_Alt_add"
"1386","Q21","3/21/2017 0:00","Reno_Alt_add"
"1387","Q21","8/24/2016 0:00","Reno_Alt_add"
"1388","Q21","8/4/2015 0:00","Reno_Alt_add"
"1389","Q21","10/5/2015 0:00","Reno_Alt_add"
"1390","Q21","1/29/2018 0:00","Reno_Alt_add"
"1391","Q21","3/5/2012 0:00","Reno_Alt_add"
"1392","Q21","9/12/2012 0:00","Reno_Alt_add"
"1393","Q21","10/22/2013 0:00","Reno_Alt_add"
"1394","Q21","3/23/2015 0:00","Reno_Alt_add"
"1395","Q21","10/22/2013 0:00","Reno_Alt_add"
"1396","Q21","1/12/2023 0:00","Reno_Alt_add"
"1397","Q21","3/25/2014 0:00","Reno_Alt_add"
"1398","Q21","4/3/2014 0:00","Reno_Alt_add"
"1399","Q21","9/24/2013 0:00","Reno_Alt_add"
"1400","Q21","3/23/2015 0:00","Reno_Alt_add"
"1401","Q21","3/23/2015 0:00","Reno_Alt_add"
"1402","Q21","12/17/2015 0:00","Reno_Alt_add"
"1403","Q21","12/27/2013 0:00","Reno_Alt_add"
"1404","Q21","10/31/2014 0:00","Reno_Alt_add"
"1405","Q21","9/15/2008 0:00","Reno_Alt_add"
"1406","Q21","11/19/2021 0:00","Demo"
"1407","Q21","2/8/2022 0:00","Reno_Alt_add"
"1408","Q21","9/14/2022 0:00","NewConst"
"1409","Q21","9/3/2008 0:00","Demo"
"1410","Q21","5/1/2009 0:00","Demo"
"1411","Q21","4/13/2010 0:00","NewConst"
"1412","Q21","10/31/2011 0:00","Reno_Alt_add"
"1413","Q21","8/19/2014 0:00","Reno_Alt_add"
"1414","Q21","4/16/2018 0:00","Reno_Alt_add"
"1415","Q21","1/10/2019 0:00","Reno_Alt_add"
"1416","Q21","12/4/2019 0:00","Reno_Alt_add"
"1417","Q21","8/22/2022 0:00","Reno_Alt_add"
"1418","Q21","7/7/2016 0:00","Reno_Alt_add"
"1419","Q21","6/24/2019 0:00","Reno_Alt_add"
"1420","Q21","3/18/2008 0:00","Reno_Alt_add"
"1421","Q21","8/25/2011 0:00","Reno_Alt_add"
"1422","Q21","6/13/2012 0:00","Reno_Alt_add"
"1423","Q21","8/25/2011 0:00","Reno_Alt_add"
"1424","Q21","4/8/2014 0:00","Reno_Alt_add"
"1425","Q21","10/30/2014 0:00","Reno_Alt_add"
"1426","Q21","4/13/2015 0:00","Reno_Alt_add"
"1427","Q21","8/28/2014 0:00","Reno_Alt_add"
"1428","Q21","11/18/2015 0:00","Reno_Alt_add"
"1429","Q21","6/28/2021 0:00","Reno_Alt_add"
"1430","Q21","10/10/2022 0:00","Reno_Alt_add"
"1431","Q21","10/12/2011 0:00","Reno_Alt_add"
"1432","Q21","9/10/2015 0:00","Reno_Alt_add"
"1433","Q21","12/21/2023 0:00","Demo"
"1434","Q21","12/20/2011 0:00","Reno_Alt_add"
"1435","Q21","12/20/2011 0:00","Reno_Alt_add"
"1436","Q21","12/20/2011 0:00","Reno_Alt_add"
"1437","Q21","5/16/2014 0:00","Reno_Alt_add"
"1438","Q21","12/20/2011 0:00","Reno_Alt_add"
"1439","Q21","3/15/2019 0:00","Reno_Alt_add"
"1440","Q21","12/20/2011 0:00","Reno_Alt_add"
"1441","Q21","12/20/2011 0:00","Reno_Alt_add"
"1442","Q21","12/20/2011 0:00","Reno_Alt_add"
"1443","Q21","5/13/2014 0:00","Reno_Alt_add"
"1444","Q21","7/5/2011 0:00","Reno_Alt_add"
"1445","Q21","4/30/2012 0:00","Reno_Alt_add"
"1446","Q21","4/10/2012 0:00","Reno_Alt_add"
"1447","Q21","5/2/2013 0:00","Reno_Alt_add"
"1448","Q21","1/21/2016 0:00","Reno_Alt_add"
"1449","Q21","7/8/2020 0:00","Reno_Alt_add"
"1450","Q21","6/22/2021 0:00","Reno_Alt_add"
"1451","Q23","11/5/2020 0:00","Reno_Alt_add"
"1452","Q23","12/9/2015 0:00","Reno_Alt_add"
"1453","Q23","1/17/2020 0:00","Reno_Alt_add"
"1454","Q23","6/23/2015 0:00","NewConst"
"1455","Q23","2/2/2023 0:00","NewConst"
"1456","Q23","3/28/2016 0:00","Reno_Alt_add"
"1457","Q23","12/9/2016 0:00","NewConst"
"1458","Q23","5/5/2022 0:00","Demo"
"1459","Q23","11/14/2022 0:00","NewConst"
"1460","Q23","3/4/2021 0:00","Reno_Alt_add"
"1461","Q23","6/15/2015 0:00","Reno_Alt_add"
"1462","Q23","5/9/2008 0:00","Reno_Alt_add"
"1463","Q23","8/5/2020 0:00","Reno_Alt_add"
"1464","Q23","12/6/2018 0:00","Reno_Alt_add"
"1465","Q23","12/2/2021 0:00","Reno_Alt_add"
"1466","Q23","9/15/2014 0:00","Reno_Alt_add"
"1467","Q23","3/25/2022 0:00","Reno_Alt_add"
"1468","Q23","8/22/2022 0:00","Reno_Alt_add"
"1469","Q23","6/4/2013 0:00","Demo"
"1470","Q23","2/10/2020 0:00","Reno_Alt_add"
"1471","Q23","11/16/2023 0:00","Reno_Alt_add"
"1472","Q23","1/19/2024 0:00","Reno_Alt_add"
"1473","Q23","6/4/2019 0:00","Reno_Alt_add"
"1474","Q23","6/17/2019 0:00","Reno_Alt_add"
"1475","Q23","6/15/2009 0:00","Reno_Alt_add"
"1476","Q23","9/30/2009 0:00","Reno_Alt_add"
"1477","Q23","11/1/2022 0:00","Reno_Alt_add"
"1478","Q23","11/16/2022 0:00","Reno_Alt_add"
"1479","Q23","3/21/2017 0:00","Reno_Alt_add"
"1480","Q23","3/8/2016 0:00","Reno_Alt_add"
"1481","Q23","5/7/2020 0:00","Reno_Alt_add"
"1482","Q23","2/14/2023 0:00","NewConst"
"1483","Q23","12/1/2021 0:00","Reno_Alt_add"
"1484","R21","2/10/2022 0:00","Reno_Alt_add"
"1485","R21","11/14/2018 0:00","Reno_Alt_add"
"1486","R21","4/27/2022 0:00","Reno_Alt_add"
"1487","R21","7/24/2019 0:00","NewConst"
"1488","R21","3/2/2017 0:00","Reno_Alt_add"
"1489","R21","11/21/2017 0:00","Reno_Alt_add"
"1490","R21","9/29/2020 0:00","Reno_Alt_add"
"1491","R21","5/31/2022 0:00","Reno_Alt_add"
"1492","R21","2/21/2020 0:00","Reno_Alt_add"
"1493","R21","7/11/2019 0:00","NewConst"
"1494","R21","9/11/2020 0:00","Reno_Alt_add"
"1495","R21","12/8/2020 0:00","Reno_Alt_add"
"1496","R21","1/7/2016 0:00","NewConst"
"1497","R21","7/27/2017 0:00","Demo"
"1498","R21","6/28/2017 0:00","Reno_Alt_add"
"1499","R21","10/12/2018 0:00","NewConst"
"1500","R21","9/26/2018 0:00","Demo"
"1501","R21","6/29/2021 0:00","Reno_Alt_add"
"1502","R21","9/11/2023 0:00","Demo"
"1503","R21","5/29/2019 0:00","NewConst"
"1504","R21","7/11/2018 0:00","NewConst"
"1505","R21","7/25/2018 0:00","NewConst"
"1506","R21","7/7/2021 0:00","Reno_Alt_add"
"1507","R21","8/27/2018 0:00","NewConst"
"1508","R21","12/10/2019 0:00","Reno_Alt_add"
"1509","R21","8/27/2018 0:00","NewConst"
"1510","R21","8/27/2018 0:00","NewConst"
"1511","R21","8/31/2018 0:00","NewConst"
"1512","R21","3/5/2015 0:00","Reno_Alt_add"
"1513","R21","7/18/2008 0:00","Demo"
"1514","R21","10/24/2018 0:00","Reno_Alt_add"
"1515","R21","7/16/2015 0:00","Demo"
"1516","R21","3/8/2016 0:00","Reno_Alt_add"
"1517","R21","7/18/2016 0:00","Reno_Alt_add"
"1518","R21","2/17/2022 0:00","Demo"
"1519","R21","7/26/2019 0:00","NewConst"
"1520","R21","7/26/2019 0:00","NewConst"
"1521","R24","8/8/2016 0:00","Reno_Alt_add"
"1522","R24","11/8/2023 0:00","Reno_Alt_add"
"1523","R24","10/24/2019 0:00","NewConst"
"1524","R24","2/7/2020 0:00","Reno_Alt_add"
"1525","R24","9/8/2023 0:00","Reno_Alt_add"
"1526","R24","11/10/2011 0:00","Demo"
"1527","R24","12/10/2015 0:00","NewConst"
"1528","R24","5/18/2020 0:00","Reno_Alt_add"
"1529","R24","12/6/2017 0:00","Reno_Alt_add"
"1530","R24","10/16/2018 0:00","Reno_Alt_add"
"1531","R24","3/16/2017 0:00","NewConst"
"1532","S18","3/2/2012 0:00","Reno_Alt_add"
"1533","S18","5/11/2022 0:00","Reno_Alt_add"
"1534","S18","6/19/2014 0:00","Reno_Alt_add"
"1535","S18","6/19/2012 0:00","Reno_Alt_add"
"1536","S18","9/10/2015 0:00","Reno_Alt_add"
"1537","S18","5/16/2019 0:00","Reno_Alt_add"
"1538","S18","10/17/2017 0:00","Reno_Alt_add"
"1539","S18","11/8/2018 0:00","Reno_Alt_add"
"1540","S18","5/3/2018 0:00","Reno_Alt_add"
"1541","S18","3/25/2011 0:00","Reno_Alt_add"
"1542","S18","3/21/2011 0:00","Reno_Alt_add"
"1543","S18","7/13/2011 0:00","Reno_Alt_add"
"1544","S18","2/15/2008 0:00","Reno_Alt_add"
"1545","S18","10/2/2023 0:00","Reno_Alt_add"
"1546","S18","10/15/2021 0:00","Reno_Alt_add"
"1547","S18","4/24/2023 0:00","Reno_Alt_add"
"1548","S18","5/9/2023 0:00","Reno_Alt_add"
"1549","S18","5/21/2020 0:00","Reno_Alt_add"
"1550","S18","11/7/2014 0:00","Reno_Alt_add"
"1551","S18","8/23/2022 0:00","Reno_Alt_add"
"1552","S18","5/23/2014 0:00","Reno_Alt_add"
"1553","S18","11/2/2012 0:00","NewConst"
"1554","S18","1/22/2015 0:00","Reno_Alt_add"
"1555","S19","8/30/2016 0:00","Reno_Alt_add"
"1556","S19","2/9/2021 0:00","NewConst"
"1557","S19","4/8/2020 0:00","NewConst"
"1558","S19","4/8/2020 0:00","NewConst"
"1559","S19","10/14/2014 0:00","Reno_Alt_add"
"1560","S19","2/4/2014 0:00","Reno_Alt_add"
"1561","S19","4/13/2020 0:00","Reno_Alt_add"
"1562","S19","3/2/2017 0:00","Reno_Alt_add"
"1563","S19","2/11/2021 0:00","Reno_Alt_add"
"1564","S19","3/14/2016 0:00","Reno_Alt_add"
"1565","S19","4/25/2018 0:00","Reno_Alt_add"
"1566","S19","7/19/2021 0:00","Reno_Alt_add"
"1567","S19","5/10/2019 0:00","Reno_Alt_add"
"1568","S19","3/28/2013 0:00","Reno_Alt_add"
"1569","S19","7/3/2013 0:00","Reno_Alt_add"
"1570","S19","4/22/2022 0:00","Reno_Alt_add"
"1571","S19","7/31/2013 0:00","Reno_Alt_add"
"1572","S19","5/28/2013 0:00","Reno_Alt_add"
"1573","S19","12/3/2010 0:00","Reno_Alt_add"
"1574","S19","5/17/2021 0:00","Reno_Alt_add"
"1575","S19","7/13/2021 0:00","Reno_Alt_add"
"1576","S19","10/1/2021 0:00","Reno_Alt_add"
"1577","S19","1/14/2014 0:00","Reno_Alt_add"
"1578","S19","8/11/2020 0:00","Reno_Alt_add"
"1579","S19","11/17/2023 0:00","Reno_Alt_add"
"1580","S19","11/30/2016 0:00","NewConst"
"1581","S19","11/6/2015 0:00","NewConst"
"1582","S22","4/13/2023 0:00","Reno_Alt_add"
"1583","S22","5/31/2018 0:00","Reno_Alt_add"
"1584","S22","4/25/2011 0:00","Reno_Alt_add"
"1585","S22","9/25/2023 0:00","Reno_Alt_add"
"1586","S22","6/27/2023 0:00","Reno_Alt_add"
"1587","S22","12/10/2008 0:00","Reno_Alt_add"
"1588","T18","5/3/2021 0:00","Reno_Alt_add"
"1589","T18","1/7/2021 0:00","Reno_Alt_add"
"1590","T18","5/20/2010 0:00","Reno_Alt_add"
"1591","T18","10/21/2010 0:00","Reno_Alt_add"
"1592","T18","1/29/2010 0:00","Reno_Alt_add"
"1593","T18","3/31/2016 0:00","Reno_Alt_add"
"1594","T18","9/2/2020 0:00","Reno_Alt_add"
"1595","T18","7/3/2017 0:00","Reno_Alt_add"
"1596","T18","3/14/2019 0:00","Reno_Alt_add"
"1597","U16","2/22/2023 0:00","Reno_Alt_add"
"1598","U16","11/4/2011 0:00","Reno_Alt_add"
"1599","U16","10/6/2016 0:00","Reno_Alt_add"
"1600","U16","4/19/2021 0:00","Reno_Alt_add"
"1601","U16","12/20/2019 0:00","Demo"
"1602","U16","3/2/2020 0:00","NewConst"
"1603","U16","11/20/2020 0:00","Reno_Alt_add"
"1604","U16","4/23/2021 0:00","Reno_Alt_add"
"1605","U16","5/4/2017 0:00","Reno_Alt_add"
"1606","U16","8/15/2019 0:00","Demo"
"1607","U16","10/21/2019 0:00","NewConst"
"1608","U16","6/22/2023 0:00","Reno_Alt_add"
"1609","U16","5/19/2010 0:00","Reno_Alt_add"
"1610","U16","9/3/2021 0:00","Reno_Alt_add"
"1611","U16","1/8/2020 0:00","Reno_Alt_add"
"1612","U16","4/5/2018 0:00","Demo"
"1613","U16","3/7/2023 0:00","Reno_Alt_add"
"1614","U16","8/16/2021 0:00","Demo"
"1615","U16","5/7/2008 0:00","Reno_Alt_add"
"1616","U16","5/17/2010 0:00","Reno_Alt_add"
"1617","U16","11/9/2010 0:00","Reno_Alt_add"
"1618","U16","11/24/2010 0:00","Reno_Alt_add"
"1619","U16","9/21/2011 0:00","Reno_Alt_add"
"1620","U16","5/3/2011 0:00","Reno_Alt_add"
"1621","U16","7/21/2021 0:00","Reno_Alt_add"
"1622","U16","5/3/2022 0:00","Reno_Alt_add"
"1623","U16","4/21/2010 0:00","Reno_Alt_add"
"1624","U17","9/6/2018 0:00","Reno_Alt_add"
"1625","U17","11/5/2021 0:00","Reno_Alt_add"
"1626","U17","3/15/2023 0:00","Reno_Alt_add"
"1627","U17","5/23/2017 0:00","Reno_Alt_add"
"1628","U17","5/25/2017 0:00","Reno_Alt_add"
"1629","U17","5/2/2019 0:00","Reno_Alt_add"
"1630","U17","3/4/2010 0:00","Reno_Alt_add"
"1631","U17","7/22/2008 0:00","Reno_Alt_add"
"1632","U17","8/16/2017 0:00","Reno_Alt_add"
"1633","U17","2/8/2010 0:00","Reno_Alt_add"
"1634","U17","8/22/2008 0:00","NewConst"
"1635","U17","1/25/2010 0:00","NewConst"
"1636","U17","2/18/2009 0:00","Reno_Alt_add"
"1637","U17","12/6/2007 0:00","NewConst"
"1638","U17","10/22/2020 0:00","Reno_Alt_add"
"1639","U17","6/19/2012 0:00","Reno_Alt_add"
"1640","U17","12/6/2007 0:00","NewConst"
"1641","U17","5/20/2014 0:00","Reno_Alt_add"
"1642","U17","4/30/2010 0:00","NewConst"
"1643","U17","11/20/2014 0:00","NewConst"
"1644","U17","12/27/2018 0:00","NewConst"
"1645","U17","3/18/2019 0:00","NewConst"
"1646","U21","10/9/2008 0:00","Reno_Alt_add"
"1647","U21","9/16/2014 0:00","NewConst"
"1648","U21","4/24/2020 0:00","NewConst"
"1649","U21","9/29/2021 0:00","Reno_Alt_add"
"1650","U21","7/13/2022 0:00","Reno_Alt_add"
"1651","U21","9/3/2019 0:00","NewConst"
"1652","U21","3/12/2021 0:00","NewConst"
"1653","U21","7/1/2019 0:00","NewConst"
"1654","U21","2/26/2021 0:00","Reno_Alt_add"
"1655","V19","7/16/2019 0:00","NewConst"
"1656","V19","7/16/2019 0:00","NewConst"
"1657","V19","8/22/2018 0:00","Reno_Alt_add"
"1658","V19","9/27/2022 0:00","Reno_Alt_add"
"1659","V19","7/3/2017 0:00","Reno_Alt_add"
"1660","X15","8/13/2020 0:00","Reno_Alt_add"
"1661","X15","6/27/2013 0:00","Reno_Alt_add"
"1662","X15","8/13/2010 0:00","Reno_Alt_add"
"1663","X15","5/20/2021 0:00","Reno_Alt_add"
"1664","X15","10/19/2020 0:00","Reno_Alt_add"
"1665","X15","12/20/2018 0:00","Reno_Alt_add"
"1666","X15","5/9/2016 0:00","Reno_Alt_add"
"1667","X15","10/15/2018 0:00","NewConst"
"1668","X15","7/9/2010 0:00","Reno_Alt_add"
"1669","X15","4/24/2015 0:00","Reno_Alt_add"
"1670","X15","9/10/2018 0:00","Reno_Alt_add"
"1671","X15","1/31/2023 0:00","Reno_Alt_add"
"1672","X15","2/7/2020 0:00","Reno_Alt_add"
"1673","X15","8/28/2008 0:00","Reno_Alt_add"
"1674","X15","4/24/2018 0:00","Reno_Alt_add"
"1675","X15","2/24/2012 0:00","Reno_Alt_add"
"1676","X15","3/29/2022 0:00","Reno_Alt_add"
"1677","X15","4/4/2017 0:00","Reno_Alt_add"
"1678","X16","2/26/2020 0:00","Reno_Alt_add"
"1679","X16","7/23/2019 0:00","Reno_Alt_add"
"1680","X16","2/21/2022 0:00","Reno_Alt_add"
"1681","X16","3/6/2023 0:00","Reno_Alt_add"
"1682","X16","3/14/2012 0:00","Reno_Alt_add"
"1683","X16","1/11/2018 0:00","Reno_Alt_add"
"1684","X16","12/14/2020 0:00","Reno_Alt_add"
"1685","X16","10/10/2017 0:00","Reno_Alt_add"
"1686","X16","7/29/2013 0:00","Reno_Alt_add"
"1687","X16","6/7/2010 0:00","Reno_Alt_add"
